Title,Country,Release Year,Main Character Name,Main Character Gender,Main Character Role
The Curious Dr. Humpp,Argentina,1969,Ricardo Bauleo,Male,reporter
Muhair,Argentina,1967,Isabel Sarli,Female,prostitute
Tropical Ecstasy,Argentina,1970,Isabel Sarli,Female,prostitute
Masterworks of Terror,Argentina,1960,Narciso Ibáñez Menta,Male,doctor
Juan Manuel de Rosas,Argentina,1972,Rodolfo Bebán,Male,governor
La diosa impura,Argentina,1963,Isabel Sarli,Female,painter
Los doctores las prefieren desnudas,Argentina,1973,Alberto Olmedo,Male,salesman
El rey de los exhortos,Argentina,1979,Alberto Olmedo,Male,doctor
Yesterday's Guys Used No Arsenic,Argentina,1976,Mecha Ortiz,Female,doctor
Placer sangriento,Argentina,1967,Alberto Candeau,Male,doctor
Los hijos de Fierro,Argentina,1978,Julio Troxler,Male,mayor
Tres veces Ana,Argentina,1961,María Vaner,Female,actress
Fatso Catastrophe,Argentina,1977,Jorge Porcel,Male,assistant
The Venerable Ones,Argentina,1963,Lautaro Murúa,Male,leader
Los guerrilleros,Argentina,1965,Arturo García Buhr,Male,doctor
La Raulito en libertad,Argentina,1977,Marilina Ross,Female,actress
El profesor patagónico,Argentina,1970,Luis Sandrini,Male,profesor
"Dr. Cándido Pérez, señoras",Argentina,1962,Juan Carlos Thorry,Male,doctor
Mal de chagas,Argentina,1971,Luis Medina Castro,Male,narrator
The Official Story,Argentina,1985,Héctor Alterio,Male,official
Man Facing Southeast,Argentina,1986,Lorenzo Quinteros,Male,doctor
Tango,Argentina,1998,Miguel Ángel Solá,Male,director
In the Name of the Son,Argentina,1987,Margot Moreyra,Female,repairer
Moebius,Argentina,1996,Guillermo Angelelli,Male,director
El arreglo,Argentina,1983,Federico Luppi,Male,official
Wild Tango,Argentina,1993,Fernán Mirás,Male,pioneer
The Insatiable Widow,Argentina,1984,Isabel Sarli,Female,psychologist
The Journey,Argentina,1992,Walter Quiroz,Male,anthropologist
Poor Butterfly,Argentina,1986,Graciela Borges,Female,leader
Wind with the Gone,Argentina,1998,Vera Fogwill,Female,driver
Yepeto,Argentina,1999,Ulises Dumont,Male,profesor
Last Images of the Shipwreck,Argentina,1989,Lorenzo Quinteros,Male,salesman
Strange Wild Women,Argentina,1988,Víctor Laplace,Male,doctor
La clínica del Dr. Cureta,Argentina,1987,Gianni Lunadei,Male,doctor
Alma mía,Argentina,1999,Araceli González,Female,architect
Under Flag,Argentina,1997,Miguel Ángel Solá,Male,mayor
The Loves of Kafka,Argentina,1988,Susú Pecoraro,Female,director
Beyond the Limit,Argentina,1995,Mario Pasik,Male,inspector
Comandos azules en acción,Argentina,1980,Jorge Martínez,Male,model
Flop,Argentina,1990,Víctor Laplace,Male,shooter
Intimate Stories,Argentina,2002,Javier Lombardo,Male,salesman
The Aura,Argentina,2005,Ricardo Darín,Male,taxidermist
Gods,Argentina,2008,Maricielo Effio,Male,industrialist
I Know Who You Are,Argentina,2000,Miguel Ángel Solá,Male,psychiatrist
Today and Tomorrow,Argentina,2003,Antonella Costa,Female,actress
The Magic Gloves,Argentina,2003,Vicentico,Male,driver
Vereda tropical,Argentina,2004,Fabio Aste,Male,writer
Freedom,Argentina,2001,Misael Saavedra,Male,lumberjack
Tres minutos,Argentina,2007,Nicolás Pauls,Male,journalist
Operativo Soberanía,Argentina,2006,Gastón Pauls,Male,narrator
Teresa: Crucificada por amar,Argentina,2009,Francisca Lewin,Female,writer
La profesora,Argentina,2005,Mimí Ardú,Female,professor
Chiche bombón,Argentina,2004,Andrea Galante,Female,acting
Love by Accident,Argentina,2008,Mercedes Morán,Female,painter
Carancho,Argentina,2010,Ricardo Darín,Male,lawyer
The Last Elvis,Argentina,2012,John McInerny,Male,impersonator
Cowboy,Argentina,2011,Juan Minujín,Male,actor
Kluge,Argentina,2010,Laura Harring,Female,journalist
Estamos Juntos,Argentina,2011,Leandra Leal,Female,doctor
Truman,Argentina,2015,Ricardo Darín,Male,professor
Amapola,Argentina,2014,Camilla Belle,Female,ama
The Irish Prisoner,Argentina,2015,Alexia Moyano,Female,soldier
The Land of Silence,Argentina,2014,Gilberto Barraza,Male,filmmaker
The Reconstruction,Argentina,2013,Diego Peretti,Male,worker
Everybody Knows,Argentina,2018,Penélope Cruz,Female,police officer
"Tiger, Blood in the Mouth",Argentina,2016,Leonardo Sbaraglia,Male,professional boxer
Nobody's Watching,Argentina,2017,Guillermo Pfening,Male,producer
A Decent Woman,Argentina,2016,Iride Mockert,Female,maid
We Are Thr3e,Argentina,2018,Charly Etchévers,Male,accountant
"Yo soy así, Tita de Buenos Aires",Argentina,2017,Mercedes Funes,Female,singer
The Wrath of God,Argentina,2022,Macarena Achaga,Female,writer
The Tale of King Crab,Argentina,2021,Gabriele Silli,Male,guide
4x4,Argentina,2019,Peter Lanzani,Male,model
The Crimes That Bind,Argentina,2020,Cecilia Roth,Female,maid
Amor bandido,Argentina,2021,Romina Ricci,Female,teacher
With Pleasure,Argentina,2020,Alejandro Rose-Garcia,Male,cowboy
Holy Beasts,Argentina,2019,Geraldine Chaplin,Female,actress
Biónica,Argentina,2022,Fabián Arenillas,Male,doctor
Age of Consent,Australia,1969,James Mason,Male,artist
Stone,Australia,1974,Deryck Barnes,Male,doctor
Tim,Australia,1979,Piper Laurie,Female,labourer
Patrick,Australia,1978,Susan Penhaligon,Female,matron
Don's Party,Australia,1976,Ray Barrett,Male,labor
Long Weekend,Australia,1978,John Hargreaves,Male,driver
The Odd Angry Shot,Australia,1979,Graham Kennedy,Male,cook
Sunday Too Far Away,Australia,1975,Jack Thompson,Male,shearer
"Goodbye, Norma Jean",Australia,1976,Misty Rowe,Female,baker
The F.J. Holden,Australia,1977,Paul Couzens,Male,mate
"Violence in the Cinema, Part 1",Australia,1971,Arthur Dignam,Male,doctor
Blue Fire Lady,Australia,1977,Cathryn Harrison,Female,rider
Clay,Australia,1965,Jean Lebedew,Male,sculptor
Beyond Reason,Australia,1970,George Dixon,Male,doctor
A Recollection... Hanging Rock 1900,Australia,1975,Patricia Lovell,Female,producer
Dalmas,Australia,1973,Peter Whittle,Male,runner
Man of Destiny,Australia,1963,Edward Hepple,Male,spy
The Big Deal,Australia,1961,Don Crosby,Male,worker
Posting Woomera,Australia,1960,Stewart Ginn,Male,narrator
Mighty Morphin Power Rangers: The Movie,Australia,1995,Karan Ashley,Female,ranger
The Man from Snowy River,Australia,1982,Tom Burlinson,Male,leader
The Year of Living Dangerously,Australia,1982,Linda Hunt,Female,foreign correspondent
Gallipoli,Australia,1981,Mark Lee,Male,sprinter
Shine,Australia,1996,Geoffrey Rush,Male,pianist
Bad Boy Bubby,Australia,1993,Nicholas Hope,Male,career
The Power of One,Australia,1992,Nomadlozi Kubheka,Male,nanny
Holy Smoke,Australia,1999,Kate Winslet,Female,specialist
Phar Lap,Australia,1983,Tom Burlinson,Male,preparation
Wide Sargasso Sea,Australia,1993,Karina Lombard,Female,heiress
A Cry in the Dark,Australia,1988,Meryl Streep,Female,chamberlain
Agatha Christie's Miss Marple: The Murder at the Vicarage,Australia,1986,Joan Hickson,Female,inspector
Paradise Road,Australia,1997,Glenn Close,Female,volunteer
An Angel at My Table,Australia,1990,Kerry Fox,Female,author
The Delinquents,Australia,1989,Kylie Minogue,Female,caretaker
Young Einstein,Australia,1988,Yahoo Serious,Male,farmer
Dead End Drive-In,Australia,1986,Ned Manning,Male,responsible
Howling III,Australia,1987,Barry Otto,Male,professor
Bliss,Australia,1985,Barry Otto,Male,executive
Dallas Doll,Australia,1994,Sandra Bernhard,Female,consultant
Fatal Bond,Australia,1991,Linda Blair,Female,hairdresser
The Chain Reaction,Australia,1980,Steve Bisley,Male,mechanic
Lilian's Story,Australia,1996,Ruth Cracknell,Female,singer
Lorca and the Outlaws,Australia,1984,John Tarrant,Male,hunter
Bloodmoon,Australia,1990,Leon Lissek,Male,officer
High Tide,Australia,1987,Judy Davis,Female,impersonator
...Maybe This Time,Australia,1980,Judy Morris,Female,assistant
Winter of Our Dreams,Australia,1981,Judy Davis,Female,prostitute
Turtle Beach,Australia,1992,Greta Scacchi,Female,reporter
The Pirates of Penzance,Australia,1994,Jon English,Male,king
Antarctica,Australia,1991,Alex Scott,Male,narrator
Kick,Australia,1999,Russell Page,Male,player
Run Chrissie Run!,Australia,1984,Carmen Duncan,Female,biker
Epic,Australia,1985,Benita Collings,Female,narrator
Cappuccino,Australia,1989,John Clayton,Male,actor
Never Tell Me Never,Australia,1998,Claudia Karvan,Female,shepherd
A Little Bit of Soul,Australia,1998,Geoffrey Rush,Male,treasurer
Patience,Australia,1995,Christine Douglas,Male,poet
Moulin Rouge!,Australia,2001,Nicole Kidman,Female,proprietor
Rogue,Australia,2007,Radha Mitchell,Female,researcher
Rumor Has It...,Australia,2005,Jennifer Aniston,Female,writer
Two Weeks Notice,Australia,2002,Sandra Bullock,Female,lawyer
Candy,Australia,2006,Abbie Cornish,Female,poet
The Loved Ones,Australia,2009,Xavier Samuel,Male,officer
Bright Star,Australia,2009,Abbie Cornish,Female,poet
Beowulf & Grendel,Australia,2005,Hringur Ingvarsson,Male,king
Restraint,Australia,2008,Travis Fimmel,Male,dealer
Lantana,Australia,2001,Anthony LaPaglia,Male,detective
Death Defying Acts,Australia,2007,Guy Pearce,Male,illusionist
Somersault,Australia,2004,Abbie Cornish,Female,restaurant
The Monkey's Mask,Australia,2000,Susie Porter,Female,officer
Saw,Australia,2003,Leigh Whannell,Male,officer
Japanese Story,Australia,2003,Toni Collette,Female,director
The Crocodile Hunter: Collision Course,Australia,2002,Steve Irwin,Male,hunter
The Tender Hook,Australia,2008,Rose Byrne,Female,boxer
Ten Canoes,Australia,2006,Crusoe Kurddal,Male,warrior
One Perfect Day,Australia,2004,Dan Spielman,Male,musician
Cthulhu,Australia,2000,Paul Douglas,Male,inspector
The Vow,Australia,2012,Rachel McAdams,Female,doctor
The Reef,Australia,2010,Damian Walshe-Howling,Male,sailor
Legend of the Guardians: The Owls of Ga'Hoole,Australia,2010,Emily Barclay,Female,soldier
Sanctum,Australia,2011,Richard Roxburgh,Male,master
The Eye of the Storm,Australia,2011,Charlotte Rampling,Female,hunter
Any Questions for Ben?,Australia,2012,Josh Lawson,Male,lawyer
Pan,Australia,2015,Hugh Jackman,Male,warrior
Strangerland,Australia,2015,Nicole Kidman,Female,pharmacist
The Rover,Australia,2014,Guy Pearce,Male,doctor
Mystery Road,Australia,2013,Aaron Pedersen,Male,detective
The Killing Field,Australia,2014,Rebecca Gibney,Female,detective
One Eyed Girl,Australia,2013,Tilda Cobham-Hervey,Female,psychiatrist
Gods of Egypt,Australia,2016,Brenton Thwaites,Male,architect
Hotel Mumbai,Australia,2018,Amandeep Singh,Male,guard
The Nightingale,Australia,2018,Aisling Franciosi,Female,officer
Breath,Australia,2017,Samson Coulter,Male,paramedic
Alex & Eve,Australia,2016,Andrea Demetriades,Female,lawyer
Rip Tide,Australia,2017,Debby Ryan,Female,director
Brahms: The Boy II,Australia,2020,Katie Holmes,Female,therapist
Captain Marvel,Australia,2019,Brie Larson,Female,commander
Infinite Storm,Australia,2022,Naomi Watts,Female,volunteer
The Dry,Australia,2020,Eric Bana,Male,agent
Back to the Outback,Australia,2021,Eric Bana,Male,zookeeper
Peter Rabbit 2: The Runaway,Australia,2021,Rose Byrne,Female,publisher
Awoken,Australia,2019,Erik Thomson,Male,instructor
The Menzies Movies,Australia,2022,John Howard,Male,minister
Dona Flor and Her Two Husbands,Brazil,1976,Sônia Braga,Female,pharmacist
"Black God, White Devil",Brazil,1964,Geraldo Del Rey,Male,ranch hand
Entranced Earth,Brazil,1967,Jardel Filho,Male,politician
Roberto Carlos a 300 Quilômetros por Hora,Brazil,1971,Roberto Carlos,Male,car dealer
Barren Lives,Brazil,1963,Átila Iório,Male,officer
O Bandido da Luz Vermelha,Brazil,1968,Helena Ignez,Female,politician
Amor Bandido,Brazil,1979,Paulo Gracindo,Male,investigator
The Priest and the Girl,Brazil,1966,Helena Ignez,Female,merchant
Dezenove Mulheres e Um Homem,Brazil,1977,David Cardoso,Male,driver
Assault on the Pay Train,Brazil,1962,Eliezer Gomes,Male,leader
O Prisioneiro do Sexo,Brazil,1978,Sandra Bréa,Female,architect
Anjo Loiro,Brazil,1973,Mário Benvenutti,Male,teacher
O Grande Xerife,Brazil,1972,Amácio Mazzaropi,Male,responsible
Conjugal Warfare,Brazil,1974,Lima Duarte,Male,doctor
Copacabana Mon Amour,Brazil,1970,Helena Ignez,Female,prostitute
Hallucinations of a Deranged Mind,Brazil,1978,José Mojica Marins,Male,filmmaker
Grande Sertão,Brazil,1965,Maurício do Valle,Male,cowboy
O Desejo,Brazil,1975,Lilian Lemmertz,Female,intellectual
007 1/2 no Carnaval,Brazil,1966,Larry Carr,Male,agent
Quando as Mulheres Querem Provas,Brazil,1975,Carlo Mossy,Male,hostess
O Homem Nu,Brazil,1968,Paulo José,Male,writer
Tristeza do Jeca,Brazil,1961,Amácio Mazzaropi,Male,mayor
A Ilha dos Paqueras,Brazil,1970,Renato Aragão,Male,passenger
Meteorango Kid: Herói Intergalático,Brazil,1969,Antônio Luiz Martins,Male,activist
O Homem de Papel,Brazil,1976,Milton Moraes,Male,reporter
Love Strange Love,Brazil,1982,Vera Fischer,Female,politician
Gabriela,Brazil,1983,Sônia Braga,Female,cook
Bye Bye Brazil,Brazil,1980,José Wilker,Male,magician
They Don't Wear Black Tie,Brazil,1981,Gianfrancesco Guarnieri,Male,leader
Hans Staden,Brazil,1999,Carlos Evelyn,Male,sailor
Mulher Objeto,Brazil,1981,Helena Ramos,Female,secretary
The Girl and the Rapist,Brazil,1983,Zózimo Bulbul,Male,butler
Isle of Flowers,Brazil,1989,Paulo José,Male,narrator
Panic at Midnight,Brazil,1997,Luke Kaleghan,Male,deputy
Cassiopeia,Brazil,1996,Osmar Prado,Male,scientist
Mal,Brazil,1999,Pauline Cadell,Female,lawyer
Happily Ever After,Brazil,1985,Regina Duarte,Female,designer
"Amor, palavra prostituta",Brazil,1982,Orlando Parolini,Male,teacher
The Mandarin,Brazil,1995,Fernando Eiras,Male,singer
Tentação na Cama,Brazil,1984,David Cardoso,Male,assistant
O Diabo na Cama,Brazil,1988,Ankito,Male,waiter
Razor in the Flesh,Brazil,1997,Vera Fischer,Female,prostitute
Subway to the Stars,Brazil,1987,Guilherme Fontes,Male,player
Eternamente Pagú,Brazil,1987,Carla Camurati,Female,muse
Como Nascem os Anjos,Brazil,1996,Priscila Assum,Female,driver
Perfume de Gardênia,Brazil,1992,Christiane Torloni,Female,driver
Vagas Para Moças de Fino Trato,Brazil,1993,Norma Bengell,Female,teacher
O Corpo,Brazil,1991,Antônio Fagundes,Male,dancer
Jubiabá,Brazil,1986,Grande Otelo,Male,pai-de-santo
A Matadeira,Brazil,1994,Pedro Cardoso,Male,professor
A Mulher do Atirador de Facas,Brazil,1984,Carla Camurati,Female,shooter
Corpo em Delito,Brazil,1990,Lima Duarte,Male,doctor
City of God,Brazil,2002,Alexandre Rodrigues,Male,narrator
Carandiru,Brazil,2003,Luiz Carlos Vasconcelos,Male,physician
Camila Jam,Brazil,2007,Leandra Leal,Female,writer
To the Left of the Father,Brazil,2001,Selton Mello,Male,farmer
The Year My Parents Went on Vacation,Brazil,2006,Michel Joelsas,Male,goalkeeper
Last Stop 174,Brazil,2008,Michel Gomes,Male,teacher
Cazuza: Time Doesn't Stop,Brazil,2004,Daniel de Oliveira,Male,career
The Assailant,Brazil,2009,Aílton Carmo,Male,fighter
Olga,Brazil,2004,Camila Morgado,Female,leader
Tolerance,Brazil,2000,Maitê Proença,Female,lawyer
Linha de Passe,Brazil,2008,Sandra Corveloni,Female,cleaner
Delicate Crime,Brazil,2005,Marco Ricca,Male,critic
Zuzu Angel,Brazil,2006,Patricia Pillar,Female,designer
Smoke Gets in Your Eyes,Brazil,2009,Glória Pires,Female,teacher
A Grande Família: O Filme,Brazil,2007,Marco Nanini,Male,functionary
Tonic Dominant,Brazil,2000,Fernando Alves Pinto,Male,clarinetist
Xuxinha and Guto Against the Space Monsters,Brazil,2005,Xuxa,Female,narrator
Favorite Son,Brazil,2001,Ornella Muti,Female,doctor
Two Lost in a Dirty Night,Brazil,2002,Débora Falabella,Female,prostitute
O Ovo,Brazil,2003,Maria Bethânia,Female,narrator
Confessions of a Brazilian Call Girl,Brazil,2011,Deborah Secco,Female,call girl
Rat Fever,Brazil,2011,Irandhir Santos,Male,poet
The Strange Case of Angelica,Brazil,2010,Pilar López de Ayala,Female,photographer
Astral City: A Spiritual Journey,Brazil,2010,Renato Prieto,Male,doctor
"Boa Sorte, Meu Amor",Brazil,2012,Christiana Ubach,Female,musician
Romance Policial,Brazil,2012,Daniel de Oliveira,Male,civil servant
The Way He Looks,Brazil,2014,Ghilherme Lobo,Male,guide
The Second Mother,Brazil,2015,Regina Casé,Female,caretaker
Neon Bull,Brazil,2015,Juliano Cazarré,Male,tailor
Reaching for the Moon,Brazil,2013,Miranda Otto,Female,poet
Rio 2096: A Story of Love and Fury,Brazil,2013,Selton Mello,Male,warrior
The Augusta Street Ripper,Brazil,2014,Monica Mattos,Female,prostitute
Aquarius,Brazil,2016,Sônia Braga,Female,writer
Good Manners,Brazil,2017,Isabél Zuaa,Female,nanny
Nothing to Lose,Brazil,2018,Petrônio Gontijo,Male,founder
Bingo: The King of the Mornings,Brazil,2017,Vladimir Brichta,Male,king
Under Pressure,Brazil,2016,Júlio Andrade,Male,doctor
Long Way Home,Brazil,2018,Grace Passô,Female,employee
Executive Order,Brazil,2020,Alfred Enoch,Male,lawyer
The Book of Delights,Brazil,2020,Simone Spoladore,Female,elementary school teacher
Jesus Kid,Brazil,2021,Paulo Miklos,Male,writer
Kardec,Brazil,2019,Leonardo Medeiros,Male,educator
Ophelia's Death,Brazil,2019,Bruna Marquezine,Female,photographer
Me Tira da Mira,Brazil,2022,Bruna Ciocca,Male,therapist
Black Christmas,Canada,1974,Olivia Hussey,Female,caller
Crimes of the Future,Canada,1970,Ronald Mlodzik,Male,director
The Story of O,Canada,1975,Corinne Cléry,Female,photographer
Rabid,Canada,1977,Marilyn Chambers,Female,doctor
The Incredible Journey,Canada,1963,Émile Genest,Male,bachelor
"Ilsa, Harem Keeper of the Oil Sheiks",Canada,1976,Dyanne Thorne,Female,dancer
The Trap,Canada,1966,Rita Tushingham,Female,consumer
Bear Island,Canada,1979,Donald Sutherland,Male,biologist
Les liens de sang,Canada,1978,Donald Sutherland,Male,detective
The Pyx,Canada,1973,Karen Black,Female,prostitute
Eliza's Horoscope,Canada,1975,Elizabeth Moorman,Male,astrologer
Outrageous!,Canada,1977,Craig Russell,Male,turner
Transfer,Canada,1966,Rafe Macpherson,Male,doctor
"Nikki, Wild Dog of the North",Canada,1961,Jean Coutu,Male,master
Winter Kept Us Warm,Canada,1965,John Labow,Male,senior
Something's Rotten,Canada,1979,Charlotte Blunt,Female,queen
Taxi!!,Canada,1978,Eva Marie Saint,Female,passenger
Madeleine Is...,Canada,1971,Nicola Lipman,Female,artist
A Sweeter Song,Canada,1976,Jim Henshaw,Male,photographer
The Peep Show,Canada,1962,Stanley Jackson,Male,narrator
Slow Run,Canada,1968,Saul Rubinek,Male,narrator
The Hard Part Begins,Canada,1973,Donnelly Rhodes,Male,king
The Owl and the Lemming: An Eskimo Legend,Canada,1971,Julie Wildman,Male,narrator
What on Earth!,Canada,1967,Donald Brittain,Male,narrator
Orson Welles: The Paris Interview,Canada,1960,Bernard Braden,Male,interviewer
A Fight for Breath: Emphysema,Canada,1974,Budd Knapp,Male,narrator
The Accused,Canada,1988,Kelly McGillis,Female,deputy
Exotica,Canada,1994,Bruce Greenwood,Male,auditor
eXistenZ,Canada,1999,Jennifer Jason Leigh,Female,designer
Cube,Canada,1997,Nicole de Boer,Female,officer
Bride of Chucky,Canada,1998,Jennifer Tilly,Female,officer
Friday the 13th Part VIII: Jason Takes Manhattan,Canada,1989,Jensen Daggett,Female,queen
Happy Birthday to Me,Canada,1981,Melissa Sue Anderson,Female,wainwright
Popcorn,Canada,1991,Jill Schoelen,Female,butler
The Clan of the Cave Bear,Canada,1986,Daryl Hannah,Female,mate
The Grifters,Canada,1990,Anjelica Huston,Female,artist
When Night Is Falling,Canada,1995,Pascale Bussières,Female,baker
Curtains,Canada,1983,John Vernon,Male,actress
Canadian Bacon,Canada,1995,John Candy,Male,sheriff
Bad Moon,Canada,1996,Mariel Hemingway,Female,salesman
Trailer Park Boys,Canada,1999,John Paul Tremblay,Male,teller
Speed Zone,Canada,1989,John Candy,Male,valet
Night of the Twisters,Canada,1996,Devon Sawa,Male,artist
The Peanut Butter Solution,Canada,1985,Mathew Mackay,Male,teacher
Black Robe,Canada,1991,Lothaire Bluteau,Male,founder
Pin,Canada,1988,David Hewlett,Male,doctor
Agnes of God,Canada,1985,Jane Fonda,Female,doctor
When a Stranger Calls Back,Canada,1993,Carol Kane,Female,counselor
Tanya's Island,Canada,1980,Vanity,Female,painter
If You Could See What I Hear,Canada,1982,Marc Singer,Male,musician
Model by Day,Canada,1994,Famke Janssen,Female,fighter
The Vindicator,Canada,1986,David McIlwraith,Male,scientist
Ticket to Heaven,Canada,1981,Nick Mancuso,Male,leader
Joy,Canada,1983,Claudia Udy,Female,agent
Universal Soldier III: Unfinished Business,Canada,1998,Richard McMillan,Male,doctor
Spring Fever,Canada,1982,Susan Anton,Female,showgirl
Thirty Two Short Films About Glenn Gould,Canada,1993,Colm Feore,Male,pianist
Crazy Moon,Canada,1987,Kiefer Sutherland,Male,clerk
The Blood of Others,Canada,1984,Jodie Foster,Female,designer
Nowhere to Hide,Canada,1987,Amy Madigan,Female,cutter
Blue Planet,Canada,1990,James Buchli,Male,narrator
Martyrs,Canada,2008,Morjana Alaoui,Female,assistant
Orphan,Canada,2009,Vera Farmiga,Female,therapist
She's the Man,Canada,2006,Amanda Bynes,Female,player
Camp Hollywood,Canada,2004,Steve Markle,Male,filmmaker
Resident Evil: Apocalypse,Canada,2004,Milla Jovovich,Female,activist
Just Friends,Canada,2005,Ryan Reynolds,Male,senior
The Day the Earth Stood Still,Canada,2008,Keanu Reeves,Male,mountaineer
Shattered Glass,Canada,2003,Hayden Christensen,Male,editor
Elektra,Canada,2005,Jennifer Garner,Female,master
Gothika,Canada,2003,Halle Berry,Female,psychiatrist
I'm Not There,Canada,2007,Cate Blanchett,Female,poet
Josie and the Pussycats,Canada,2001,Rachael Leigh Cook,Female,guitarist
Postal,Canada,2007,Zack Ward,Male,barista
The Skulls,Canada,2000,Joshua Jackson,Male,lawyer
Away from Her,Canada,2006,Gordon Pinsent,Male,professor
Peter Pan 2: Return to Never Land,Canada,2002,Harriet Owen,Female,tinker
Polytechnique,Canada,2009,Maxim Gaudette,Male,lecturer
The Color of Friendship,Canada,2000,Lindsey Haun,Female,manor
Fubar,Canada,2002,Paul Spence,Male,director
Jesus Christ Vampire Hunter,Canada,2001,Phil Caracas,Male,hunter
Sucker Punch,Canada,2011,Emily Browning,Female,psychiatrist
The Woman in Black,Canada,2012,Emma Shorey,Male,fisher
The Vow,Canada,2012,Rachel McAdams,Female,doctor
Tucker and Dale vs Evil,Canada,2010,Tyler Labine,Male,sheriff
The Whistleblower,Canada,2010,Rachel Weisz,Female,officer
Citizen Gangster,Canada,2011,Scott Speedman,Male,driver
Interstellar,Canada,2014,Ellen Burstyn,Female,farmer
The Witch,Canada,2015,Anya Taylor-Joy,Female,responsible
How I Live Now,Canada,2013,Saoirse Ronan,Female,penn
American Heist,Canada,2014,Hayden Christensen,Male,dispatcher
Turbo Kid,Canada,2015,Munro Chambers,Male,dealer
Afflicted,Canada,2013,Derek Lee,Male,restaurant
Blade Runner 2049,Canada,2017,Ryan Gosling,Male,runner
The Boy,Canada,2016,Lauren Cohan,Female,nanny
Molly's Game,Canada,2017,Jessica Chastain,Female,skier
Incident in a Ghostland,Canada,2018,Crystal Reed,Female,author
Siberia,Canada,2018,Keanu Reeves,Male,merchant
ARQ,Canada,2016,Robbie Amell,Male,leader
House of Gucci,Canada,2021,Lady Gaga,Female,office manager
Brahms: The Boy II,Canada,2020,Katie Holmes,Female,therapist
Alita: Battle Angel,Canada,2019,Rosa Salazar,Female,superstar
Pokémon: Detective Pikachu,Canada,2019,Ryan Reynolds,Male,detective
Moriah's Lighthouse,Canada,2022,Rachelle Lefevre,Female,artisan
Neptune Frost,Canada,2021,Cheryl Isheja,Male,miner
Most Wanted,Canada,2020,Antoine Olivier Pilon,Male,journalist
A Desperate Road,Canada,2022,Andrew W. Nolan,Male,doctor
Kuwait Connection,Egypt,1973,Ezzat El Alaili,Male,reporter
The Beginning and the End,Egypt,1960,Farid Shawqi,Male,officer
Watch Out for ZouZou,Egypt,1972,Hussein Fahmy,Male,professor
Al Wahm,Egypt,1979,Mahmoud Yassine,Male,engineer
Ashgaa ragel fil alam,Egypt,1968,Tawfik El Deken,Male,assistant
Al-Rasasa la tazalu fe gaibi,Egypt,1974,Mahmoud Yassine,Male,soldier
The River of Love,Egypt,1960,Faten Hamamah,Female,officer
Al Mothneboon,Egypt,1975,Hussein Fahmy,Male,investigator
Sonya and the Madman,Egypt,1977,Mahmoud Yassine,Male,mukhtar
Unfaithfulness,Egypt,1965,Adel Adham,Male,doctor
"Kheit al rafeigh, -al",Egypt,1971,Faten Hamamah,Female,employee
Street of the Sakkayines,Egypt,1966,Sharifa Fadel,Female,producer
The Advice of a Wise Man on the Affairs of Village and Education,Egypt,1976,Gamil Ratib,Male,commentator
Hekaya wara kol bab,Egypt,1979,Safia El Emari,Female,actress
Ghazia men Sonbat,Egypt,1967,Sharifa Fadel,Female,dancer
A Bachelor's Life,Egypt,1963,Nadia Lutfi,Female,bachelor
Destiny,Egypt,1997,Nour El-Sherif,Male,philosopher
The Other,Egypt,1999,Hanan Turk,Female,journalist
The Wife of an Important Man,Egypt,1987,Mervat Amin,Female,police officer
Death of a Princess,Egypt,1980,Sawsan Badr,Female,newspaper
The Street Player,Egypt,1983,Adel Emam,Male,football player
Elwad mahrous betaa alwazir,Egypt,1999,Adel Emam,Male,farmer
Sleeping in Honey,Egypt,1996,Adel Emam,Male,officer
The Stolen Joy,Egypt,1994,Lucy,Male,seller
Resala ela alwaly,Egypt,1998,Adel Emam,Male,knight
Waheda Bewaheda,Egypt,1984,Adel Emam,Male,general manager
Beggars and Proud Ones,Egypt,1991,Salah El-Saadany,Male,professor
Ragol Fakad Aklah,Egypt,1980,Farid Shawqi,Male,engineer
Ramadan Above the Volcano,Egypt,1985,Adel Emam,Male,employee
Al-Awwama rakm 70,Egypt,1982,Ahmed Zaki,Male,film director
La tasalni man ana,Egypt,1984,Shadia,Female,servant
Intakhebo El-Doctoor Sulieman Abdel Basset,Egypt,1981,Adel Emam,Male,doctor
131 Ashghal,Egypt,1993,Nour El-Sherif,Male,vendor
Lel Hob Qesa Akhira,Egypt,1986,Yehia El-Fakharany,Male,teacher
Halet Talaboss,Egypt,1988,Samah Anwar,Female,officer
The braves,Egypt,1992,Mahmoud Yassine,Male,leader
Ana Mesh Harameya,Egypt,1983,Soheir Ramzy,Female,acting
Allaeiba,Egypt,1987,Hussein Fahmy,Male,manager
Zaki Chan,Egypt,2005,Ahmed Helmy,Male,bodyguard
Dunia,Egypt,2005,Hanan Turk,Female,dancer
"Chaos, This Is",Egypt,2007,Khaled Saleh,Male,police officer
Life's Speed Bump,Egypt,2006,Ahmed Helmy,Male,secretary
His Excellency the Minister,Egypt,2002,Ahmed Zaki,Male,minister
The Traveller,Egypt,2009,Omar Sharif,Male,engineer
Mowaten we mokhber we haramy,Egypt,2001,Kal Naga,Male,detective
Transit Prisoner,Egypt,2008,Ahmed Ezz,Male,guard
Al-naama wa al tawoos,Egypt,2002,Lebleba,Female,doctor
Kan yom hobak,Egypt,2004,Khaled Selim,Male,artist
None But That!,Egypt,2006,Nabila Ebeid,Female,hunter
18 Days,Egypt,2011,Ahmed Helmy,Male,tailor
Bebo Wa Bashir,Egypt,2011,Menna Shalabi,Female,player
The Blue Elephant,Egypt,2014,Karim Abdel Aziz,Male,doctor
Factory Girl,Egypt,2013,Yasmin Raeis,Female,factory worker
The Price,Egypt,2015,Amr Youssef,Male,driver
Tisbah ala Khair,Egypt,2017,Tamer Hosny,Male,engineer
"Ali, the Goat and Ibrahim",Egypt,2016,Asser Yassin,Male,officer
The Blue Elephant 2,Egypt,2019,Karim Abdel Aziz,Male,doctor
Luxor,Egypt,2020,Andrea Riseborough,Female,worker
Dedo,Egypt,2021,Karim Fahmy,Male,scientist
Aladdin,Egypt,2020,Ahmed Ezz,Male,tailor
The Naiad,Egypt,2019,Hanan Turk,Female,doctor
Barbarella,France,1968,Jane Fonda,Female,astronaut
The Story of O,France,1975,Corinne Cléry,Female,photographer
La Piscine,France,1969,Alain Delon,Male,writer
Fantastic Planet,France,1973,Jennifer Drake,Male,master
Purple Noon,France,1960,Alain Delon,Male,forger
The Conformist,France,1970,Jean-Louis Trintignant,Male,professor
Going Places,France,1974,Gérard Depardieu,Male,doctor
Le Samouraï,France,1967,Alain Delon,Male,hitman
Fantomas,France,1964,Jean Marais,Male,journalist
Shining Sex,France,1976,Lina Romay,Female,dancer
Day for Night,France,1973,Jacqueline Bisset,Female,baker
Alphaville,France,1965,Eddie Constantine,Male,agent
La Jetée,France,1962,Jean Négroni,Male,narrator
The Road to Salina,France,1970,Mimsy Farmer,Female,sheriff
Au hasard Balthazar,France,1966,Anne Wiazemsky,Female,teacher
Emmanuelle 3,France,1977,Sylvia Kristel,Female,architect
The Last Woman,France,1976,Gérard Depardieu,Male,engineer
La Chinoise,France,1967,Anne Wiazemsky,Female,official
Celine and Julie Go Boating,France,1974,Juliet Berto,Female,nanny
Tarzoon: Shame of the Jungle,France,1975,Bernard Dhéran,Male,narrator
Get Out Your Handkerchiefs,France,1978,Gérard Depardieu,Male,restaurant
Lola,France,1961,Anouk Aimée,Female,dancer
A Cop,France,1972,Alain Delon,Male,commissioner
Trans-Europ-Express,France,1966,Jean-Louis Trintignant,Male,newspaper
More,France,1969,Mimsy Farmer,Female,miller
The Legend of Frenchie King,France,1971,Brigitte Bardot,Female,miller
"Farewell, Friend",France,1968,Alain Delon,Male,doctor
Zazie dans le Métro,France,1960,Catherine Demongeot,Female,restaurant
Death of a Corrupt Man,France,1977,Alain Delon,Male,deputy
Blanche,France,1971,Michel Simon,Male,master
Buffet Froid,France,1979,Gérard Depardieu,Male,accountant
A Very Private Affair,France,1962,Brigitte Bardot,Female,producer
Suzanne's Career,France,1963,Catherine Sée,Male,narrator
The World's Most Beautiful Swindlers,France,1964,Mie Hama,Female,geisha
Viva Maria!,France,1965,Brigitte Bardot,Female,singer
Nocturnal Uproar,France,1979,Dominique Laffin,Female,filmmaker
Black Tights,France,1961,Maurice Chevalier,Male,narrator
Irma Vep,France,1996,Maggie Cheung,Female,actress
The Lover,France,1992,Jeanne Moreau,Female,narrator
Possession,France,1981,Isabelle Adjani,Female,spy
La Haine,France,1995,Vincent Cassel,Male,driver
Betty Blue,France,1986,Jean-Hugues Anglade,Male,writer
"The Cook, the Thief, His Wife & Her Lover",France,1989,Richard Bohringer,Male,restaurant
The Big Blue,France,1988,Rosanna Arquette,Female,baker
Nikita,France,1990,Anne Parillaud,Female,restaurant
Three Colors: Blue,France,1993,Juliette Binoche,Female,composer
Tender Cousins,France,1980,Thierry Tevini,Male,professor
Three Colors: Red,France,1994,Irène Jacob,Female,model
The Double Life of Véronique,France,1991,Irène Jacob,Female,director
The Lost Son,France,1999,Daniel Auteuil,Male,call girl
Madeline,France,1998,Frances McDormand,Female,chef
Cyrano de Bergerac,France,1990,Gérard Depardieu,Male,poet
Gandahar,France,1987,Pierre-Marie Escourrou,Male,leader
Hail Mary,France,1985,Myriem Roussel,Female,driver
Le Dîner de Cons,France,1998,Thierry Lhermitte,Male,publisher
Summer,France,1986,Marie Rivière,Female,companion
À Nos Amours,France,1983,Sandrine Bonnaire,Female,furrier
Rosetta,France,1999,Émilie Dequenne,Female,manager
La Cérémonie,France,1995,Isabelle Huppert,Female,maid
Boyfriends and Girlfriends,France,1987,Emmanuelle Chaulet,Female,clerk
Un Coeur en Hiver,France,1992,Daniel Auteuil,Male,restorer
Danton,France,1983,Gérard Depardieu,Male,barber
The Masters of Time,France,1982,Jean Valmont,Male,commander
A Pure Formality,France,1994,Gérard Depardieu,Male,writer
The Story of O 2,France,1984,Sandra Wey,Female,industrialist
Rendez-vous,France,1985,Lambert Wilson,Male,actor
Boy Meets Girl,France,1984,Denis Lavant,Male,filmmaker
Passion,France,1982,Isabelle Huppert,Female,worker
Bolero,France,1981,Robert Hossein,Male,pianist
Marquise,France,1997,Sophie Marceau,Female,itinerant
Artemisia,France,1997,Michel Serrault,Male,painter
Deadly Games,France,1989,Brigitte Fossey,Female,driver
Un air de famille,France,1996,Jean-Pierre Bacri,Male,executive
North,France,1991,Xavier Beauvois,Male,pharmacist
The Lady Banker,France,1980,Romy Schneider,Female,banker
Wild Target,France,1993,Jean Rochefort,Male,hitman
Three Seats for the 26th,France,1988,Yves Montand,Male,career
The Devil Wears Prada,France,2006,Meryl Streep,Female,assistant
Mulholland Drive,France,2001,Naomi Watts,Female,actress
Martyrs,France,2008,Morjana Alaoui,Female,assistant
The Interpreter,France,2005,Nicole Kidman,Female,interpreter
Femme Fatale,France,2002,Rebecca Romijn,Female,mercenary
Swimming Pool,France,2003,Charlotte Rampling,Female,author
The Man Who Cried,France,2000,Christina Ricci,Female,officer
Inside,France,2007,Alysson Paradis,Female,photographer
Asterix & Obelix: Mission Cleopatra,France,2002,Gérard Depardieu,Male,architect
La fonte des neiges,France,2009,Marc Beffa,Male,extra
Bright Star,France,2009,Abbie Cornish,Female,poet
The Crimson Rivers,France,2000,Jean Reno,Male,detective
The Chorus,France,2004,Gérard Jugnot,Male,teacher
Immortal,France,2004,Linda Hardy,Female,turner
Just Visiting,France,2001,Jean Reno,Male,king
The Class,France,2008,François Bégaudeau,Male,teacher
Ruby & Quentin,France,2003,Gérard Depardieu,Male,detective
The Beat That My Heart Skipped,France,2005,Romain Duris,Male,broker
Satan,France,2006,Vincent Cassel,Male,shepherd
99 francs,France,2007,Jean Dujardin,Male,designer
Rust and Bone,France,2012,Marion Cotillard,Female,guard
Amour,France,2012,Jean-Louis Trintignant,Male,caretaker
Elles,France,2011,Juliette Binoche,Female,designer
Uncle Boonmee Who Can Recall His Past Lives,France,2010,Thanapat Saisaymar,Male,assistant
The Extraordinary Adventures of Adèle Blanc-Sec,France,2010,Louise Bourgoin,Female,writer
Nobody Else But You,France,2011,Jean-Paul Rouve,Male,author
Blue Is the Warmest Colour,France,2013,Léa Seydoux,Female,tutor
Lucy,France,2014,Scarlett Johansson,Female,miller
A Bigger Splash,France,2015,Tilda Swinton,Female,filmmaker
Stranger by the Lake,France,2013,Pierre Deladonchamps,Male,investigator
My King,France,2015,Vincent Cassel,Male,restaurateur
Mune: Guardian of the Moon,France,2014,Omar Sy,Male,apprentice
Incident in a Ghostland,France,2018,Crystal Reed,Female,author
Personal Shopper,France,2016,Kristen Stewart,Female,supermodel
Double Lover,France,2017,Marine Vacth,Female,psychoanalyst
Our Kind of Traitor,France,2016,Carlos Acosta,Male,dancer
City Hunter,France,2018,Philippe Lacheau,Male,private investigator
MFKZ,France,2017,Orelsan,Male,restaurant
Titane,France,2021,Vincent Lindon,Male,apprentice
Benedetta,France,2021,Virginie Efira,Female,prayer
Portrait of a Lady on Fire,France,2019,Noémie Merlant,Female,painter
The Stronghold,France,2020,Gilles Lellouche,Male,officer
Fire,France,2022,Juliette Binoche,Female,presenter
"Mektoub, My Love: Intermezzo",France,2019,Shaïn Boumedine,Male,photographer
Goliath,France,2022,Gilles Lellouche,Male,lawyer
The Rose Maker,France,2020,Catherine Frot,Female,grower
Run Lola Run,Germany,1998,Franka Potente,Female,responsible
Aimee & Jaguar,Germany,1999,Maria Schrader,Female,officer
Nekromantik 2,Germany,1991,Monika M.,Male,gravedigger
Backbeat,Germany,1994,Sheryl Lee,Female,photographer
"Faraway, So Close!",Germany,1993,Otto Sander,Male,armor
Lisbon Story,Germany,1994,Rüdiger Vogler,Male,engineer
Beyond Silence,Germany,1996,Sylvie Testud,Female,musician
Schtonk,Germany,1992,Götz George,Male,journalist
Bandits,Germany,1997,Katja Riemann,Female,bandleader
A French Woman,Germany,1995,Emmanuelle Béart,Female,officer
Rossini,Germany,1997,Götz George,Male,director
Calendar,Germany,1993,Arsinée Khanjian,Female,translator
The Tigress,Germany,1992,Valentina Vargas,Female,career
The Deathmaker,Germany,1995,Götz George,Male,professor
Enlightenment Guaranteed,Germany,1999,Uwe Ochsenknecht,Male,real estate agent
Everything Will Be Fine,Germany,1998,Kati Stüdemann,Male,housekeeper
Harry and Harriet,Germany,1990,Petra Wagner,Male,therapist
Via Appia,Germany,1989,Peter Senner,Male,steward
Jailbirds,Germany,1996,Til Schweiger,Male,career
The Piano Teacher,Germany,2001,Isabelle Huppert,Female,professor
Bend It Like Beckham,Germany,2002,Parminder Nagra,Female,newspaper
Charlie's Angels,Germany,2000,Cameron Diaz,Female,cook
Black Book,Germany,2006,Carice van Houten,Female,singer
The Wave,Germany,2008,Jürgen Vogel,Male,history teacher
Good Bye Lenin!,Germany,2003,Daniel Brühl,Male,driver
The White Ribbon,Germany,2009,Christian Friedel,Male,school teacher
The Baader Meinhof Complex,Germany,2008,Martina Gedeck,Female,journalist
As Far as My Feet Will Carry Me,Germany,2001,Bernhard Bettermann,Male,soldier
Rabbit Without Ears,Germany,2007,Til Schweiger,Male,reporter
Fantômes,Germany,2005,Julia Hummer,Female,cleaner
Romy Schneider,Germany,2009,Jessica Schwarz,Female,actress
Bungalow,Germany,2002,Lennie Burmeister,Male,restaurant
Hotel,Germany,2004,Franziska Weisz,Female,maid
Der Wixxer,Germany,2004,Oliver Kalkofe,Male,inspector
Montag,Germany,2006,Isabelle Menke,Male,doctor
The Forest for the Trees,Germany,2003,Eva Löbau,Female,school teacher
The Airlift,Germany,2005,Heino Ferch,Male,turner
Der Zauber des Regenbogens,Germany,2007,Sandra Speichert,Female,architect
Otto - Der Katastrofenfilm,Germany,2000,Otto Waalkes,Male,sailor
Hotel Desire,Germany,2011,Saralisa Volm,Female,chambermaid
Iron Sky,Germany,2012,Julia Dietze,Female,mate
Chalet Girl,Germany,2011,Miquita Oliver,Male,presenter
We Are the Night,Germany,2010,Karoline Herfurth,Female,dispenser
The Color Out of Space,Germany,2010,Paul Dorsch,Male,ranger
Agent Ranjid rettet die Welt,Germany,2012,Kaya Yanar,Male,agent
The Danish Girl,Germany,2015,Alicia Vikander,Female,artist
Lucy,Germany,2014,Scarlett Johansson,Female,miller
The Bunker,Germany,2015,Pit Bukowski,Male,teacher
Amour Fou,Germany,2014,Christian Friedel,Male,poet
Paradise: Hope,Germany,2013,Melanie Lenz,Male,director
Silent Summer,Germany,2013,Dagmar Manzel,Female,historian
Atomic Blonde,Germany,2017,Charlize Theron,Female,executive
Personal Shopper,Germany,2016,Kristen Stewart,Female,supermodel
The Young Karl Marx,Germany,2017,August Diehl,Male,writer
3 Days in Quiberon,Germany,2018,Marie Bäumer,Female,actress
The Most Beautiful Day,Germany,2016,Florian David Fitz,Male,pianist
Phantompain,Germany,2018,Daniel Littau,Male,fisher
A Hidden Life,Germany,2019,August Diehl,Male,farmer
Blood Red Sky,Germany,2021,Peri Baumeister,Female,doctor
Undine,Germany,2020,Paula Beer,Female,historian
The Operative,Germany,2019,Diane Kruger,Female,agent
The Last Execution,Germany,2021,Lars Eidinger,Male,doctor
Turncoat,Germany,2020,Jannis Niewöhner,Male,soldier
Axiom,Germany,2022,Moritz von Treuenfels,Male,museum attendant
Auf dem Grund,Germany,2022,Claudia Michelsen,Female,scout
Never on Sunday,Greece,1960,Melina Mercouri,Female,classical scholar
Agapi mou Oua-Oua,Greece,1974,Kakia Analyti,Female,author
A Dream of Passion,Greece,1978,Melina Mercouri,Female,actor
The Countess of Corfu,Greece,1972,Rena Vlahopoulou,Female,teacher
Her Private Life,Greece,1971,Anna Fonsou,Female,criminal investigator
Assignment Skybolt,Greece,1968,Nikos Kourkoulos,Male,secret service agent
Visibility Zero,Greece,1970,Nikos Kourkoulos,Male,responsible
The Punk of Fokionos Negri,Greece,1965,Alexandra Ladikou,Male,heiress
O Asymvivastos,Greece,1979,Pavlos Sidiropoulos,Male,street musician
Rendez-vous in the Air,Greece,1966,Rena Vlahopoulou,Female,actress
A Patented Stupid Man,Greece,1963,Vasilis Avlonitis,Male,mayor
Vio-grafia,Greece,1975,Giorgos Kyritsis,Male,narrator
A Matter of Conscience,Greece,1973,Nikos Kourkoulos,Male,doctor
Stop or I'll Shoot,Greece,1969,Filios Filippidis,Male,butcher
Aftoi pou xehasan ton orko tous,Greece,1971,Kostas Karras,Male,doctor
Landscape in the Mist,Greece,1988,Michalis Zeke,Male,driver
Singapore Sling,Greece,1990,Meredyth Herold,Female,chauffeur
Rembetiko,Greece,1983,Sotiria Leonardou,Female,singer
Morning Patrol,Greece,1987,Michele Valley,Female,guard
Bordello,Greece,1985,Marina Vlady,Female,madam
Cavafy,Greece,1996,Dimitris Katalifos,Male,poet
The Mating Game,Greece,1999,Natalia Dragoumi,Female,instructor
Wild Jokes in the Classroom,Greece,1983,Nikos Rizos,Male,schoolmaster
Eleftherios Venizelos: 1910-1927,Greece,1980,Minas Christidis,Male,politician
"Nights, Gambled Away",Greece,1997,Jasmin Tabatabai,Female,dancer
Kathenas me tin trella tou...,Greece,1980,Mairi Hronopoulou,Female,journalist
See You,Greece,1997,Akis Sakellariou,Male,intellectual
To 1821 kai oi xenoi zografoi,Greece,1992,Stelios Drivas,Male,narrator
To kokkino treno,Greece,1982,Lakis Komninos,Male,soldier
Stin akri tis polis,Greece,1995,Giannis Anastasakis,Male,narrator
"Money, a Mythology of Darkness",Greece,1998,Yorgos Karamihos,Male,narrator
A... Daring Story,Greece,1993,Andreas Vlahokiriakos,Male,writer
Angelos Sikelianos,Greece,1981,Antonis Antoniou,Male,reciter
Oi Ai-Symiotes tou Mesolongiou,Greece,1990,Nikitas Tsakiroglou,Male,narrator
Dogtooth,Greece,2009,Christos Stergioglou,Male,security guard
Kinetta,Greece,2005,Evangelia Randou,Female,chambermaid
Strella,Greece,2009,Mina Orfanou,Female,worker
Petit crime,Greece,2008,Aris Servetalis,Male,officer
The Homecoming,Greece,2007,Arto Apartian,Male,labor
In Good Company,Greece,2000,Giorgos Kimoulis,Male,doctor
Le perdant ramasse tout,Greece,2002,Giannis Angelakas,Male,dancer
Second Nature,Greece,2005,Iordanis Kalesis,Male,naval officer
Under Your Make-up,Greece,2008,Ariel Konstantinidi,Female,employee
Pandora,Greece,2006,Theodora Tzimou,Female,queen
The Seventh Sun of Love,Greece,2001,Katerina Papadaki,Female,army officer
Close to the Edge,Greece,2006,Tasos Nousias,Male,driver
Throw of Dice,Greece,2004,Anatoli Athanasiadou,Female,driver
1922: O megalos xerizomos,Greece,2007,Angeliki Dimitrakopoulou,Female,narrator
Attenberg,Greece,2010,Ariane Labed,Female,architect
Alps,Greece,2011,Angeliki Papoulia,Female,driver
L,Greece,2012,Aris Servetalis,Male,driver
Ziteitai pseftis,Greece,2010,Ieroklis Michaelidis,Male,minister
Black Storm,Greece,2011,Giorgos Giannopoulos,Male,coach
I Thessaloniki mesa apo tin poiisi,Greece,2012,Fotini Baxevani,Female,reciter
Norway,Greece,2014,Vangelis Mourikis,Male,dancer
The Eternal Return of Antonis Paraskevas,Greece,2013,Christos Stergioglou,Male,journalist
I Kori Tou Rembrandt,Greece,2015,Lakis Lazopoulos,Male,critic
The Waiter,Greece,2018,Aris Servetalis,Male,waiter
Suntan,Greece,2016,Makis Papadimitriou,Male,doctor
"Love, Love, Love",Greece,2016,Angeliki Papathemeli,Female,stripper
Phalaenopsis Alba,Greece,2018,Serafita Grigoriadou,Female,operator
Re-action,Greece,2017,Tania Tripi,Female,actor
Brazuca,Greece,2017,Boyko Paskalev,Male,goalkeeper
The Lost Daughter,Greece,2021,Olivia Colman,Female,professor
Monday,Greece,2020,Denise Gough,Female,lawyer
Eftihia,Greece,2019,Karyofyllia Karabeti,Female,songwriter
Tailor,Greece,2020,Dimitris Imellos,Male,tailor
"Not to Be Unpleasant, But We Need to Have a Serious Talk",Greece,2019,Omiros Poulakis,Male,carrier
The Ride,Greece,2021,Makis Papadimitriou,Male,driver
Sampoorna Ramayana,India,1961,Mahipal,Male,king
Hum Kisise Kum Naheen,India,1977,Rishi Kapoor,Male,manager
Kaajal,India,1965,Meena Kumari,Female,clerk
Don,India,1978,Amitabh Bachchan,Male,inspector
Mere Humsafar,India,1970,Sharmila Tagore,Female,director
Bhumika,India,1977,Smita Patil,Female,devadasi
Guide,India,1965,Dev Anand,Male,guide
Patthar Ke Sanam,India,1967,Waheeda Rehman,Female,manager
The Great Gambler,India,1979,Amitabh Bachchan,Male,inspector
Kasme Vaade,India,1978,Rakhee Gulzar,Female,lecturer
Amrapali,India,1966,Vyjayanthimala,Female,soldier
Tere Mere Sapne,India,1971,Dev Anand,Male,doctor
Caravan,India,1971,Asha Parekh,Female,employee
Neel Kamal,India,1968,Waheeda Rehman,Female,artisan
Barsaat Ki Raat,India,1960,Madhubala,Female,police commissioner
Do Gaz Zameen Ke Neeche,India,1972,Surendra Kumar,Male,scientist
Sawan Ko Aane Do,India,1979,Rita Bhaduri,Female,singer
Jwar Bhata,India,1973,Saira Banu,Female,secretary
Pyar Hi Pyar,India,1969,Vyjayanthimala,Female,industrialist
Adalat,India,1976,Amitabh Bachchan,Male,farmer
Kala Bazar,India,1960,Dev Anand,Male,conductor
Prem Pujari,India,1970,Dev Anand,Male,army officer
Dhund,India,1973,Navin Nischol,Male,inspector
Bhuvan Shome,India,1969,Utpal Dutt,Male,civil servant
Pooja Ke Phool,India,1964,Ashok Kumar,Male,lawyer
Shagird,India,1967,Joy Mukherjee,Male,professor
Aarti,India,1962,Ashok Kumar,Male,doctor
Call Girl,India,1974,Zaheera,Female,call girl
Meri Surat Teri Ankhen,India,1963,Ashok Kumar,Male,musician
Anjaan Raahen,India,1974,Feroz Khan,Male,teacher
Saaz Aur Awaaz,India,1966,Joy Mukherjee,Male,singer
Zorro,India,1975,Navin Nischol,Male,guide
Vikram,India,1986,Kamal Haasan,Male,commander
Pardes,India,1997,Shah Rukh Khan,Male,matchmaker
Purani Haveli,India,1989,Deepak Parashar,Male,photographer
Salaam Bombay!,India,1988,Shafiq Syed,Male,pusher
Hum Dil De Chuke Sanam,India,1999,Aishwarya Rai Bachchan,Female,pundit
Geraftaar,India,1985,Kamal Haasan,Male,actor
Captain Prabhakaran,India,1991,Mansoor Ali Khan,Male,police officer
Khoon Bhari Maang,India,1988,Rekha,Female,servant
Arth,India,1982,Shabana Azmi,Female,maid
Anjaam,India,1994,Madhuri Dixit,Female,hostess
Desh Premee,India,1982,Amitabh Bachchan,Male,master
Dulhe Raja,India,1998,Govinda,Male,restaurant
Muthu,India,1995,Rajinikanth,Male,servant
Arjun Pandit,India,1999,Sunny Deol,Male,model
Bhabhi,India,1991,Bhanupriya,Female,schoolmaster
Mandi,India,1983,Shabana Azmi,Female,singer
The Touch,India,1980,Shabana Azmi,Female,worker
Lady Tarzan,India,1990,Silk Smitha,Female,queen
Marte Dam Tak,India,1987,Raaj Kumar,Male,operator
Rudaali,India,1993,Rakhee Gulzar,Female,messenger
Vansh,India,1992,Sudesh Berry,Male,inspector
Aashiqui,India,1990,Rahul Roy,Male,inspector
Hotel,India,1981,Navin Nischol,Male,secretary
Mirch Masala,India,1986,Smita Patil,Female,responsible
Ram Lakhan,India,1989,Rakhee Gulzar,Female,master
Veerta,India,1993,Sunny Deol,Male,director
Chor Police,India,1983,Shatrughan Sinha,Male,inspector
Karz,India,1980,Rishi Kapoor,Male,singer
Aastha: In the Prison of Spring,India,1997,Rekha,Female,customer
Bhairava Dweepam,India,1994,Nandamuri Balakrishna,Male,king
Raat,India,1992,Revathi,Female,police officer
Grahasthi,India,1984,Yogeeta Bali,Female,cashier
Ek Tha Raja,India,1996,Aditya Pancholi,Male,commissioner
Aaj Ki Awaz,India,1984,Raj Babbar,Male,professor
Street Fighter: The Legend of Chun-Li,India,2009,Kristin Kreuk,Female,pianist
Hey Ram,India,2000,Kamal Haasan,Male,doctor
Swades,India,2004,Shah Rukh Khan,Male,manager
No Smoking,India,2007,John Abraham,Male,doctor
Saawariya,India,2007,Rani Mukerji,Female,prostitute
Don,India,2006,Shah Rukh Khan,Male,police officer
Kaminey,India,2009,Shahid Kapoor,Male,bookmaker
Oye Lucky! Lucky Oye!,India,2008,Abhay Deol,Male,inspector
Ashoka the Great,India,2001,Shah Rukh Khan,Male,king
Aankhen,India,2002,Amitabh Bachchan,Male,manager
Murder,India,2004,Mallika Sherawat,Female,detective
Chandramukhi,India,2005,Rajinikanth,Male,doctor
Lajja,India,2001,Manisha Koirala,Female,actress
Woh lamhe...,India,2006,Kangana Ranaut,Female,actress
The Hero: Love Story of a Spy,India,2003,Sunny Deol,Male,spy
Fashion,India,2008,Priyanka Chopra Jonas,Female,supermodel
Main Madhuri Dixit Banna Chahti Hoon!,India,2003,Antara Mali,Female,actress
Khamoshh... Khauff Ki Raat,India,2005,Shilpa Shetty Kundra,Female,dancer
Gunaah,India,2002,Bipasha Basu,Female,inspector
Gaja Gamini,India,2000,Madhuri Dixit,Female,photojournalist
Don 2,India,2011,Shah Rukh Khan,Male,inspector
Eega,India,2012,Sudeep,Male,industrialist
Kahaani,India,2012,Vidya Balan,Female,engineer
The Dirty Picture,India,2011,Vidya Balan,Female,producer
I Hate Luv Storys,India,2010,Imran Khan,Male,director
Anjaana Anjaani,India,2010,Priyanka Chopra Jonas,Female,guard
The Hundred-Foot Journey,India,2014,Helen Mirren,Female,madam
Queen,India,2013,Kangana Ranaut,Female,sprinter
Masaan,India,2015,Richa Chadha,Female,trainer
The Villain,India,2014,Sidharth Malhotra,Male,officer
Dilwale,India,2015,Shah Rukh Khan,Male,tuner
Zanjeer,India,2013,Ram Charan,Male,inspector
Baahubali 2: The Conclusion,India,2017,Prabhas,Male,king
Sanju,India,2018,Ranbir Kapoor,Male,actor
Lust Stories,India,2018,Radhika Apte,Female,professor
The Other Side of the Door,India,2016,Sarah Wayne Callies,Female,housekeeper
Fan,India,2016,Shah Rukh Khan,Male,superstar
Secret Superstar,India,2017,Zaira Wasim,Female,singer
Vikram,India,2022,Kamal Haasan,Male,commander
Attack,India,2022,Jacqueline Fernandez,Female,hostess
Sardar Udham,India,2021,Vicky Kaushal,Male,responsible
Badla,India,2019,Amitabh Bachchan,Male,lawyer
The Tashkent Files,India,2019,Shweta Basu Prasad,Female,career
Haseen Dillruba,India,2021,Taapsee Pannu,Female,cook
Raat Akeli Hai,India,2020,Nawazuddin Siddiqui,Male,inspector
Thappad,India,2020,Taapsee Pannu,Female,maid
Once Upon a Time in the West,Italy,1968,Claudia Cardinale,Female,prostitute
Malicious,Italy,1973,Laura Antonelli,Female,housekeeper
1900,Italy,1976,Robert De Niro,Male,composer
That Malicious Age,Italy,1976,Gloria Guida,Female,gardener
The Decameron,Italy,1971,Franco Citti,Male,merchant
My Name Is Nobody,Italy,1973,Terence Hill,Male,barber
Black Emanuelle,Italy,1975,Laura Gemser,Female,photographer
Paranoia,Italy,1969,Carroll Baker,Female,lawyer
Appassionata,Italy,1974,Gabriele Ferzetti,Male,doctor
Luna,Italy,1979,Jill Clayburgh,Female,singer
They Call Me Trinity,Italy,1970,Terence Hill,Male,restaurant
Let Sleeping Corpses Lie,Italy,1974,Cristina Galb,Female,photographer
L'Avventura,Italy,1960,Gabriele Ferzetti,Male,journalist
La Notte,Italy,1961,Marcello Mastroianni,Male,writer
Slave of the Cannibal God,Italy,1978,Ursula Andress,Female,anthropologist
Stay as You Are,Italy,1978,Marcello Mastroianni,Male,landscape architect
Red Desert,Italy,1964,Monica Vitti,Female,doctor
The Gestapo's Last Orgy,Italy,1977,Adriano Micantoni,Male,commandant
Two Women,Italy,1960,Sophia Loren,Female,shopkeeper
A Lizard in a Woman's Skin,Italy,1971,Florinda Bolkan,Female,lawyer
A Quiet Place in the Country,Italy,1968,Franco Nero,Male,artist
The Beast in Heat,Italy,1977,Macha Magall,Female,doctor
Your Vice Is a Locked Room and Only I Have the Key,Italy,1972,Edwige Fenech,Female,prostitute
Scandal in the Family,Italy,1975,Michele Placido,Male,cook
Sunflower,Italy,1970,Sophia Loren,Female,soldier
Un dramma borghese,Italy,1979,Franco Nero,Male,journalist
The Crimes of the Black Cat,Italy,1972,Anthony Steffen,Male,composer
Horror Castle,Italy,1963,Rossana Podest,Female,hunter
A Very Private Affair,Italy,1962,Brigitte Bardot,Female,producer
The Organiser,Italy,1963,Marcello Mastroianni,Male,professor
"Texas, Adios",Italy,1966,Franco Nero,Male,sheriff
Queen of the Nile,Italy,1961,Jeanne Crain,Female,queen
Once Upon a Time in America,Italy,1984,Robert De Niro,Male,dancer
Life Is Beautiful,Italy,1997,Roberto Benigni,Male,restaurant
All Ladies Do It,Italy,1992,Claudia Koll,Female,dealer
Paprika,Italy,1991,Debora Caprioglio,Female,madam
Stealing Beauty,Italy,1996,Carlo Cecchi,Male,war correspondent
Phenomena,Italy,1985,Jennifer Connelly,Female,actor
The Big Blue,Italy,1988,Rosanna Arquette,Female,baker
Nikita,Italy,1990,Anne Parillaud,Female,restaurant
Only You,Italy,1994,Marisa Tomei,Female,mate
Opera,Italy,1987,Cristina Marsillach,Female,director
Little Flames,Italy,1985,Dino Jaksic,Male,maid
Fermo posta Tinto Brass,Italy,1995,Tinto Brass,Male,director
Super Fuzz,Italy,1980,Terence Hill,Male,officer
The Venetian Woman,Italy,1986,Laura Antonelli,Female,noble
Escape from the Bronx,Italy,1983,Mark Gregory,Male,leader
A Cat in the Brain,Italy,1990,Lucio Fulci,Male,doctor
Tea with Mussolini,Italy,1999,Cher,Female,matron
Besieged,Italy,1998,Thandiwe Newton,Female,school teacher
Dream,Italy,1999,Tinto Brass,Male,presenter
Son of the Pink Panther,Italy,1993,Roberto Benigni,Male,gendarme
Desideria,Italy,1980,Stefania Sandrelli,Female,prostitute
Who Finds a Friend Finds a Treasure,Italy,1981,Terence Hill,Male,gambler
The Story of Piera,Italy,1983,Isabelle Huppert,Female,actress
Troublemakers,Italy,1994,Terence Hill,Male,bounty hunter
L'amore molesto,Italy,1995,Anna Bonaiuto,Female,artist
Johnny Stecchino,Italy,1991,Roberto Benigni,Male,bus driver
The Family,Italy,1987,Emanuele Lamaro,Male,teacher
Violence in a Women's Prison,Italy,1982,Laura Gemser,Female,journalist
Malamore,Italy,1982,Jimmy Briscoe,Male,lawyer
The Other Hell,Italy,1981,Franca Stoppi,Female,gardener
The Little Devil,Italy,1988,Roberto Benigni,Male,agent
The Future Is Woman,Italy,1984,Ornella Muti,Female,singer
The Nymph,Italy,1996,Stefania Sandrelli,Female,tailor
Troppo forte,Italy,1986,Carlo Verdone,Male,career
La stanza delle parole,Italy,1989,Martine Brochard,Female,writer
Puerto Escondido,Italy,1992,Diego Abatantuono,Male,banker
The Flavor of Corn,Italy,1989,Lorenzo Lena,Male,professor
Incontri proibiti,Italy,1998,Alberto Sordi,Male,engineer
Under the Tuscan Sun,Italy,2003,Diane Lane,Female,writer
Monamour,Italy,2005,Anna Jimskaia,Female,publisher
Eros,Italy,2004,Gong Li,Female,assistant
Pinocchio,Italy,2002,Roberto Benigni,Male,carver
The Unknown Woman,Italy,2006,Kseniya Rappoport,Female,prostitute
Il Divo,Italy,2008,Toni Servillo,Male,politician
The Ignorant Fairies,Italy,2001,Margherita Buy,Female,doctor
Nora,Italy,2000,Susan Lynch,Female,maid
The Tiger and the Snow,Italy,2005,Roberto Benigni,Male,writer
The Double Hour,Italy,2009,Kseniya Rappoport,Female,maid
Callas Forever,Italy,2002,Fanny Ardant,Female,singer
My Brother is an Only Child,Italy,2007,Elio Germano,Male,trader
Fine settimana a Lecco,Italy,2000,Tinto Brass,Male,presenter
Maria Montessori: una vita per i bambini,Italy,2007,Paola Cortellesi,Female,pedagogue
The Caiman,Italy,2006,Silvio Orlando,Male,producer
Fort Apache Napoli,Italy,2009,Libero De Rienzo,Male,journalist
Red Riding Hood,Italy,2003,Kathleen Archebald,Male,actress
Light of My Eyes,Italy,2001,Luigi Lo Cascio,Male,driver
Eyes of Crystal,Italy,2004,Luigi Lo Cascio,Male,inspector
Love Is All You Need,Italy,2012,Trine Dyrholm,Female,hairdresser
Drifters,Italy,2011,Andrea Bosca,Male,graphologist
Reality,Italy,2012,Aniello Arena,Male,fishmonger
A Quiet Life,Italy,2010,Toni Servillo,Male,restaurant
Islands,Italy,2011,Asia Argento,Female,tutor
The First Assignment,Italy,2010,Isabella Ragonese,Female,teacher
The Great Beauty,Italy,2013,Toni Servillo,Male,critic
A Bigger Splash,Italy,2015,Tilda Swinton,Female,filmmaker
Banat: The Journey,Italy,2015,Edoardo Gabbriellini,Male,agronomist
The Mafia Kills Only in Summer,Italy,2013,Cristiana Capotondi,Female,journalist
The Invisible Boy,Italy,2014,Ludovico Girardello,Male,leader
Do You See Me?,Italy,2014,Paola Cortellesi,Female,architect
Dogman,Italy,2018,Marcello Fonte,Male,driver
Voice from the Stone,Italy,2017,Emilia Clarke,Female,maid
The Place,Italy,2017,Valerio Mastandrea,Male,restaurant
Quo vado?,Italy,2016,Checco Zalone,Male,servant
Capri-Revolution,Italy,2018,Marianna Fontana,Female,goatherd
The Silence,Italy,2016,Valentina Carnelutti,Female,doctor
Dark Glasses,Italy,2022,Ilenia Pastorelli,Female,guide
Pinocchio,Italy,2019,Federico Ielapi,Male,woodcarver
A Chiara,Italy,2021,Swamy Rotolo,Female,social worker
The Hole,Italy,2021,Claudia Candusso,Male,speleologist
Esterno notte,Italy,2022,Fabrizio Gifuni,Male,minister
Ultras,Italy,2020,Aniello Arena,Male,leader
The Staggering Girl,Italy,2019,Julianne Moore,Female,writer
Regina,Italy,2020,Ginevra Francesconi,Female,singer
In the Realm of the Senses,Japan,1976,Tatsuya Fuji,Male,"['Kichizo Ishida', 'Kichizo Ishida']"
Hara-Kiri,Japan,1962,Tatsuya Nakadai,Male,"['Hanshiro Tsugumo', 'Hanshiro Tsugumo']"
House,Japan,1977,Kimiko Ikegami,Female,"['Gorgeous / Gorgeous’ Mother', ""Oshare / Gorgeous / Oshare's Mother""]"
Woman in the Dunes,Japan,1964,Eiji Okada,Male,"['Entomologist Niki Jumpei', 'Entomologist Niki Jumpei']"
Belladonna of Sadness,Japan,1973,Aiko Nagayama,Female,"['Jeanne / Belladonna', 'Jeanne / Belladonna']"
A Haunted Turkish Bathhouse,Japan,1975,Naomi Tani,Female,"['Yukino (Bath-house Girl)', 'Yukino']"
Lupin III: The Castle of Cagliostro,Japan,1979,Yasuo Yamada,Male,"['Arsene Lupin III (voice)', 'Arsène Lupin III']"
Kwaidan,Japan,1964,Michiyo Aratama,Female,"['First wife (segment ""Kurokami"")', 'First wife']"
Female Prisoner #701: Scorpion,Japan,1972,Meiko Kaji,Female,"['Nami Matsushima (Sasori)', 'Nami Matsushima']"
Cleopatra,Japan,1970,Chinatsu Nakayama,Male,"['Cleopatra (voice)', 'Cleopatra']"
Blind Beast,Japan,1969,Eiji Funakoshi,Male,"['Michio', 'Michio / sculpter']"
Shogun's Joy of Torture,Japan,1968,Teruo Yoshida,Male,"['', ""Shinzô / Mitsu's brother / Yoshioka""]"
The Face of Another,Japan,1966,Tatsuya Nakadai,Male,"['Mr. Okuyama', 'Mr. Okuyama']"
Bullet Train,Japan,1975,Ken Takakura,Male,"['Tetsuo Okita', 'Tetsuo Okita']"
Pastoral: To Die in the Country,Japan,1974,Kaoru Yachigusa,Female,"['', '']"
A Thousand & One Nights,Japan,1969,Sachiko Itô,Female,"['Mahdia', 'Madhya']"
The Human Condition III: A Soldier's Prayer,Japan,1961,Tatsuya Nakadai,Male,"['Kaji', 'Kaji']"
Godzilla vs. Megalon,Japan,1973,Katsuhiko Sasaki,Male,"['Inventor Goro Ibuki', 'Inventor Goro Ibuki']"
Jigoku,Japan,1960,Shigeru Amachi,Male,"['Shirô Shimizu', 'Shirô Shimizu']"
Irezumi,Japan,1966,Ayako Wakao,Female,"['Otsuya', 'Otsuya']"
Godzilla vs. Mechagodzilla,Japan,1974,Masaaki Daimon,Male,"['Keisuke Shimizu', 'Keisuke Shimizu']"
Empire of Passion,Japan,1978,Tatsuya Fuji,Male,"['Toyoji', ""Toyoji / Seki's lover""]"
Late Autumn,Japan,1960,Setsuko Hara,Female,"['Akiko Miwa', 'Akiko Miwa']"
None But the Brave,Japan,1965,Tatsuya Mihashi,Male,"['Lt. Kuroki', 'Lt. Kuroki']"
Atragon,Japan,1963,Tadao Takashima,Male,"['Tasumo Hatanaka', 'Commercial Photographer Susumu Hatanaka']"
Godzilla vs. Hedorah,Japan,1971,Akira Yamanouchi,Male,"['Dr. Yano', 'Dr. Toru Yano']"
Son of Godzilla,Japan,1967,Tadao Takashima,Male,"['Dr. Kusumi', 'Dr. Kusumi']"
Blind Woman's Curse,Japan,1970,Meiko Kaji,Female,"['Akemi Tachibana', 'Akemi Tachibana']"
Godzilla vs. Gigan,Japan,1972,Hiroshi Ishikawa,Male,"['Gengo Odaka', 'Gengo Kotaka']"
Sex Family,Japan,1971,Tamaki Katori,Female,"['', 'Etsu / mother']"
Rape!,Japan,1976,Natsuko Yashiro,Female,"['', 'Natsuko Yashiro']"
The Snow Woman,Japan,1968,Shiho Fujimura,Female,"['Yukionna', 'Yuki / Yukionna']"
Skin of Roses,Japan,1978,Naomi Tani,Female,"['Ritsuko Terada(寺田律子)', 'Ritsuko Terada']"
Galaxy Express 999,Japan,1979,Masako Nozawa,Female,"['Tetsurô Hoshino (voice)', 'Tetsurô Hoshino']"
The Yellow Handkerchief,Japan,1977,Ken Takakura,Male,"['Yusaku Shima', 'Yûsaku Shima']"
Zero Focus,Japan,1961,Yoshiko Kuga,Female,"['Teiko Uhara', 'Teiko Uhara']"
Being Two Isn't Easy,Japan,1962,Fujiko Yamamoto,Female,"['Chiyo', 'Chiyo']"
Izu no odoriko,Japan,1963,Sayuri Yoshinaga,Female,"['', 'Kaoru, dancer / Student']"
The Affair,Japan,1967,Mariko Okada,Female,"['Oriko', 'Oriko']"
Seisaku's Wife,Japan,1965,Ayako Wakao,Female,"['Okane', 'Okane']"
Grave of the Fireflies,Japan,1988,Tsutomu Tatsumi,Male,"['', 'Seita']"
Audition,Japan,1999,Ryo Ishibashi,Male,"['Shigeharu Aoyama', 'Shigeharu Aoyama']"
Perfect Blue,Japan,1997,Junko Iwao,Female,"['Mima Kirigoe (voice)', 'Mima Kirigoe']"
My Neighbor Totoro,Japan,1988,Noriko Hidaka,Female,"['Satsuki (voice)', 'Satsuki']"
Ran,Japan,1985,Tatsuya Nakadai,Male,"['Lord Hidetora Ichimonji', 'Lord Hidetora Ichimonji']"
Ghost in the Shell,Japan,1995,Atsuko Tanaka,Female,"['Motoko Kusanagi (voice)', 'Kusanagi Motoko']"
Kiki's Delivery Service,Japan,1989,Minami Takayama,Female,"['Kiki / Ursula (voice)', 'Kiki / Ursula']"
Castle in the Sky,Japan,1986,Mayumi Tanaka,Female,"['Pazu (voice)', 'Pazu']"
Nausicaä of the Valley of the Wind,Japan,1984,Sumi Shimamoto,Female,"['Nausicaä (voice)', 'Nausicaä']"
Tetsuo: The Iron Man,Japan,1989,Tomorô Taguchi,Male,"['', 'Man']"
Ringu,Japan,1998,Nanako Matsushima,Female,"['Reiko Asakawa', 'Reiko Asakawa']"
964 Pinocchio,Japan,1991,Haji Suzuki,Male,"['Pinocchio 964', 'Pinocchio 964']"
Dreams,Japan,1990,Akira Terao,Male,"['I', 'I']"
Only Yesterday,Japan,1991,Miki Imai,Female,"['Taeko Okajima (voice)', 'Taeko']"
Kagemusha,Japan,1980,Tatsuya Nakadai,Male,"['Shingen Takeda / Kagemusha', 'Shingen Takeda / Kagemusha']"
Midori,Japan,1992,Minako Naka,Male,"['Midori (voice)', 'Midori']"
Tokyo Decadence,Japan,1992,Miho Nikaido,Female,"['Ai', 'Ai']"
Ocean Waves,Japan,1993,Nobuo Tobita,Male,"['Taku Morisaki (voice)', 'Taku Morisaki']"
Fireworks,Japan,1997,Takeshi Kitano,Male,"['Yoshitaka Nishi', 'Yoshitaka Nishi']"
Pokémon the Movie 2000,Japan,1999,Rica Matsumoto,Female,"['Satoshi (voice)', 'Satoshi']"
After Life,Japan,1998,Arata Iura,Male,"['Takashi Mochizuki', 'Takashi Mochizuki, counselor']"
Fist of the North Star,Japan,1986,Akira Kamiya,Male,"['Kenshirô', 'Kenshiro']"
The Ballad of Narayama,Japan,1983,Ken Ogata,Male,"['Tatsuhei', 'Tatsuhei']"
The Return of Godzilla,Japan,1984,Keiju Kobayashi,Male,"['Prime Minister Seiki Mitamura', 'Prime Minster Seiki Mitamura']"
Neo Tokyo,Japan,1987,Hideko Yoshida,Female,"['Shôjo Sachi (segment ""Labyrinth*labyrinthos"")', 'Shôjo Sachi']"
Hachi-ko,Japan,1987,Tatsuya Nakadai,Male,"['Shujiro Ueno', 'Shujiro Ueno']"
Godzilla vs. SpaceGodzilla,Japan,1994,Jun Hashizume,Male,"['Lt. Koji Shinjo', 'Lt. Koji Shinjo']"
Why Not?,Japan,1981,Kaori Momoi,Female,"['Ine', 'Ine']"
Gamera: Guardian of the Universe,Japan,1995,Tsuyoshi Ihara,Male,"['Yoshinari Yonemori', 'Yoshinari Yonemori']"
Rubber's Lover,Japan,1996,Nao,Female,"['Kiku Onoda', 'Kiku']"
Dragon Ball Z: The World's Strongest,Japan,1990,Masako Nozawa,Female,"['Son Gokû / Son Gohan (voice)', 'Son Gokû / Son Gohan']"
Sailor Moon R: The Movie: The Promise of the Rose,Japan,1993,Kotono Mitsuishi,Female,"['Usagi Tsukino / Sailor Moon (voice)', 'Usagi Tsukino / Sailor Moon / Young Usagi']"
Kids Return,Japan,1996,Ken Kaneko,Male,"['Masaru', 'Masaru']"
Pink Curtain,Japan,1982,Jun Miho,Female,"['Noriko(野理子)', 'Noriko / Sister']"
Afternoon Breezes,Japan,1980,Setsuko Aya,Female,"['Natsuko', 'Natsuko']"
Ruff Trade,Japan,1985,Chiemi Akimoto,Female,"['Yoshimi', '']"
Dragon Ball Z: Bio-Broly,Japan,1994,Masako Nozawa,Female,"['Son Goten / Son Gokû (voice)', 'Son Goten / Son Gokû']"
Muddy River,Japan,1981,Takahiro Tamura,Male,"['Shinpei Itakura', 'Shinpei Itakura']"
Beauty Rope Cosmetology,Japan,1983,Miki Takakura,Female,"['Miki', 'Hanako Kugayama']"
Ninja in the Dragon's Den,Japan,1982,Hiroyuki Sanada,Male,"['Genbu', 'Genbu']"
Spirited Away,Japan,2001,Rumi Hiiragi,Female,"['Chihiro Ogino / Sen (voice)', 'Chihiro Ogino / Sen']"
Lost in Translation,Japan,2003,Scarlett Johansson,Female,"['Charlotte', 'Charlotte']"
Memoirs of a Geisha,Japan,2005,Suzuka Ohgo,Female,"['Chiyo', 'Chiyo']"
Enter the Void,Japan,2009,Paz de la Huerta,Female,"['Linda', 'Linda']"
Ponyo,Japan,2008,Tomoko Yamaguchi,Female,"['Risa (voice)', 'Risa']"
The Grudge,Japan,2004,Sarah Michelle Gellar,Female,"['Karen Davis', 'Karen']"
Paprika,Japan,2006,Megumi Hayashibara,Female,"['Paprika / Atsuko Chiba (voice)', 'Paprika / Chiba Atsuko']"
The Cat Returns,Japan,2002,Chizuru Ikewaki,Female,"['Haru Yoshioka (voice)', 'Haru']"
5 Centimeters per Second,Japan,2007,Kenji Mizuhashi,Male,"['Takaki Tohno (voice)', 'Takaki Tohno']"
Redline,Japan,2009,Takuya Kimura,Male,"['JP (voice)', 'JP']"
Love Exposure,Japan,2008,Takahiro Nishijima,Male,"['Yu Honda', 'Yû']"
Evangelion: 1.0 You Are (Not) Alone,Japan,2007,Megumi Ogata,Female,"['Shinji Ikari (voice)', 'Shinji Ikari']"
Suicide Club,Japan,2001,Ryo Ishibashi,Male,"['Detective Kuroda', 'Detective Toshiharu Kuroda']"
The Twilight Samurai,Japan,2002,Hiroyuki Sanada,Male,"['Seibei Iguchi', 'Seibei Iguchi']"
Godzilla: Final Wars,Japan,2004,Masahiro Matsuoka,Male,"[""Shin'ichi Ôzaki"", ""Earth Defense Force Soldier Shin'ichi Ôzaki""]"
One Piece: The Movie,Japan,2000,Akemi Okamura,Female,"['Nami', 'Nami']"
The Blind Swordsman: Zatoichi,Japan,2003,Takeshi Kitano,Male,"['Zatoichi / Ichi', 'Zatôichi / Ichi']"
Brother,Japan,2000,Takeshi Kitano,Male,"['Aniki Yamamoto', 'Aniki Yamamoto']"
One Piece: Baron Omatsuri and the Secret Island,Japan,2005,Takeshi Aono,Male,"['Kerojii', 'Kerojii']"
Love and Honor,Japan,2006,Takuya Kimura,Male,"['Shinnojo Mimura', 'Shinnojo Mimura']"
The Secret World of Arrietty,Japan,2010,Mirai Shida,Female,"['Arrietty (voice)', 'Arietti']"
From Up on Poppy Hill,Japan,2011,Masami Nagasawa,Female,"['Umi Matsuzaki (voice)', 'Umi Matsuzaki']"
Wolf Children,Japan,2012,Aoi Miyazaki,Female,"['Hana (voice)', 'Hana']"
Berserk: The Golden Age Arc I - The Egg of the King,Japan,2012,Hiroaki Iwanaga,Male,"['Guts', 'Guts']"
Cold Fish,Japan,2010,Mitsuru Fukikoshi,Male,"['Nobuyuki Shamoto', 'Nobuyuki Syamoto']"
Friends: Naki on the Monster Island,Japan,2011,Sadao Abe,Male,"['', '']"
The Wind Rises,Japan,2013,Hideaki Anno,Male,"['', 'Jirô Horikoshi']"
Attack on Titan Part 1,Japan,2015,Haruma Miura,Male,"['Eren Yeager', 'Eren']"
The Tale of The Princess Kaguya,Japan,2013,Aki Asakura,Female,"['The Princess Kaguya (voice)', 'Kaguya hime / Jokan']"
When Marnie Was There,Japan,2014,Sara Takatsuki,Female,"['Anna Sasaki (voice)', 'Anna Sasaki']"
Tag,Japan,2015,Reina Triendl,Female,"['Mitsuko', 'Mitsuko']"
Midnight Diner,Japan,2014,Kaoru Kobayashi,Male,"['Master', 'Master']"
A Silent Voice: The Movie,Japan,2016,Miyu Irino,Male,"['Shouya Ishida (voice)', 'Shôya Ishida']"
Dragon Ball Super: Broly,Japan,2018,Masako Nozawa,Female,"['Son Goku / Son Goten / Bardock (voice)', 'Son Gokû / Son Goten / Bardock / Gogeta']"
Shoplifters,Japan,2018,Lily Franky,Male,"['Osamu Shibata', 'Osamu Shibata']"
Antiporno,Japan,2016,Ami Tomite,Female,"['Kyoko Suzuki', 'Kyôko Suzuki']"
One Cut of the Dead,Japan,2017,Takayuki Hamatsu,Male,"['Director Higurashi', 'Director Higurashi']"
Mary and the Witch's Flower,Japan,2017,Hana Sugisaki,Female,"['Mary (voice)', 'Mary']"
Drive My Car,Japan,2021,Hidetoshi Nishijima,Male,"['Yūsuke Kafuku', 'Yûsuke Kafuku']"
Belle,Japan,2021,Kaho Nakamura,Female,"['Suzu Naitō / Belle (voice)', 'Suzu / Belle']"
Minamata,Japan,2020,Akiko Iwase,Female,"['Masako Matsumura', 'Masako Matsumura']"
Bubble,Japan,2022,Jun Shison,Male,"['Hibiki (voice)', 'Hibiki']"
Beyond the Infinite Two Minutes,Japan,2020,Kazunari Tosa,Male,"['Kato', 'Kato']"
Earthquake Bird,Japan,2019,Alicia Vikander,Female,"['Lucy Fly', 'Lucy Fly']"
NiNoKuni,Japan,2019,Kento Yamazaki,Male,"['Yuu (voice)', 'Yû']"
The Quintessential Quintuplets Movie,Japan,2022,Kana Hanazawa,Female,"['Ichika Nakano (voice)', 'Ichika Nakano']"
Two Mules for Sister Sara,Mexico,1970,Shirley MacLaine,Female,prostitute
Viridiana,Mexico,1961,Silvia Pinal,Female,player
Alucarda,Mexico,1977,Claudio Brook,Male,doctor
Simon of the Desert,Mexico,1965,Claudio Brook,Male,herder
The Mansion of Madness,Mexico,1973,Claudio Brook,Male,doctor
Skeleton of Mrs. Morales,Mexico,1960,Arturo de Córdova,Male,doctor
El hombre de los hongos,Mexico,1976,Isela Vega,Female,servant
La presidenta municipal,Mexico,1975,María Elena Velasco,Female,potter
Santo in the Wax Museum,Mexico,1963,Santo,Male,wrestler
Stuffed Butterflies,Mexico,1978,Silvia Pinal,Female,writer
The Revenge of the Crying Woman,Mexico,1974,Santo,Male,professor
Mil caminos tiene la muerte,Mexico,1977,Ana Martín,Female,biker
Su excelencia,Mexico,1967,Cantinflas,Male,ambassador
Santo vs. the Evil Brain,Mexico,1961,Joaquín Cordero,Male,doctor
Santo vs. Frankenstein's Daughter,Mexico,1972,Santo,Male,scientist
The Extra,Mexico,1962,Cantinflas,Male,extra
Rarotonga,Mexico,1978,Raúl Ramírez,Male,doctor
The Vengeance of the Vampire Women,Mexico,1970,Santo,Male,doctor
The Year of the Plague,Mexico,1979,Alejandro Parodi,Male,doctor
El deseo llega de noche,Mexico,1969,Joaquín Cordero,Male,doctor
The Stepmother,Mexico,1974,Amparo Rivelles,Female,prostitute
Santo in the Vengeance of the Mummy,Mexico,1971,Santo,Male,wrestler
La diosa impura,Mexico,1963,Isabel Sarli,Female,painter
Dr. Satán y la magia negra,Mexico,1968,Joaquín Cordero,Male,doctor
Dr. Satán,Mexico,1966,Joaquín Cordero,Male,doctor
Santo vs. the She-Wolves,Mexico,1976,Santo,Male,hacker
Amor libre,Mexico,1979,Julissa,Female,commercial
Freeway II: Confessions of a Trickbaby,Mexico,1999,Natasha Lyonne,Female,prostitute
Herod's Law,Mexico,1999,Damián Alcázar,Male,assistant
Poison for the Fairies,Mexico,1986,Ana Patricia Rojo,Female,nanny
Old Gringo,Mexico,1989,Jane Fonda,Female,teacher
Grave Robbers,Mexico,1989,Fernando Almada,Male,executioner
Curado de espantos,Mexico,1992,Lina Santos,Female,archaeologist
Un embrujo,Mexico,1998,Blanca Guerra,Female,teacher
La mujer del ministro,Mexico,1981,Amparo Muñoz,Female,minister
Day and Night,Mexico,1997,Arielle Dombasle,Female,producer
Frida Still Life,Mexico,1983,Ofelia Medina,Female,painter
Antonieta,Mexico,1982,Isabelle Adjani,Female,writer
"De tripas, corazón",Mexico,1996,Elpidia Carrillo,Female,prostitute
Woman of the Port,Mexico,1991,Evangelina Sosa,Female,dancer
Bajo la metralla,Mexico,1983,Humberto Zurita,Male,senior
Bajo California: El límite del tiempo,Mexico,1998,Damián Alcázar,Male,artist
Bésame en la boca,Mexico,1995,Paulina Rubio,Female,artist
El enviado de la muerte,Mexico,1990,Miguel Ángel Rodríguez,Male,doctor
Los maistros,Mexico,1988,Yirah Aparicio,Female,maid
La dinastía de Dracula,Mexico,1980,Fabián Aranza,Male,doctor
Pan's Labyrinth,Mexico,2006,Ivana Baquero,Female,housekeeper
The Devil's Backbone,Mexico,2001,Marisa Paredes,Female,doctor
The Burning Plain,Mexico,2008,Charlize Theron,Female,restaurant
Innocent Voices,Mexico,2004,Carlos Padilla,Male,driver
Rudo y Cursi,Mexico,2008,Gael García Bernal,Male,goalkeeper
Bella,Mexico,2006,Eduardo Verástegui,Male,restaurant
The Maid,Mexico,2009,Catalina Saavedra,Female,maid
Dust to Dust,Mexico,2000,Osvaldo Benavides,Male,writer
Ladies' Night,Mexico,2003,Ana Claudia Talancón,Female,stripper
Déficit,Mexico,2007,Andrés Almeida,Male,conductor
American Visa,Mexico,2005,Demián Bichir,Male,professor
Shibari,Mexico,2002,Patricia Páramo,Male,model
Historias y testigos: ¡Ni una muerta mas!,Mexico,2004,Fabiola Campomanes,Female,reporter
The Cramp,Mexico,2009,Julien Cottereau,Male,comedian
From Prada to Nada,Mexico,2011,Camilla Belle,Female,clerk
Los ojos de Julia,Mexico,2010,Belén Rueda,Female,inspector
Barrio Tales,Mexico,2012,Alexander Aguila,Male,poet
Everybody's Got Somebody... Not Me,Mexico,2012,Andrea Portal,Female,executive
Goodbye Cruel World,Mexico,2010,Carlos Alberto Orozco,Male,accountant
Así es la suerte,Mexico,2011,Mauricio Isaac,Male,actor
Sicario,Mexico,2015,Emily Blunt,Female,chandler
Desierto,Mexico,2015,Gael García Bernal,Male,vigilante
Heli,Mexico,2013,Armando Espitia,Male,detective
I Am Happiness on Earth,Mexico,2014,Hugo Catalán,Male,director
I Don't Know Whether to Slit My Wrists or Leave Them Long,Mexico,2013,Ludwika Paleta,Female,traveler
Dariela los martes,Mexico,2014,Paola Nuñez,Female,actress
Roma,Mexico,2018,Yalitza Aparicio,Female,maid
Tigers Are Not Afraid,Mexico,2017,Paola Lara,Female,teacher
Don't Blame the Kid,Mexico,2016,Karla Souza,Female,bachelor
Compadres,Mexico,2016,Omar Chaparro,Male,hacker
Martians vs. Mexicans,Mexico,2018,Omar Chaparro,Male,king
Cosas con las manos,Mexico,2017,Alonso Chirino,Male,conductor
Miss Bala,Mexico,2019,Gina Rodriguez,Female,artist
Asphalt Goddess,Mexico,2020,Ximena Romo,Female,vocalist
Mayfly,Mexico,2021,Danae Reynaud,Female,senior
Soy tu fan,Mexico,2022,Ana Claudia Talancón,Female,therapist
Birders,Mexico,2019,Esteban Berrones,Male,guide
Angel,Mexico,2022,Hoze Meléndez,Male,heiress
El mar entre las casas,Mexico,2020,Aram Oyarzabal,Male,biologist
Elder Leaves,Mexico,2021,Jacinto Astiazarán,Male,senior
Camera Buff,Poland,1979,Jerzy Stuhr,Male,worker
Man of Marble,Poland,1977,Jerzy Radziwilowicz,Male,filmmaker
The Promised Land,Poland,1975,Daniel Olbrychski,Male,managing engineer
Barrier,Poland,1966,Joanna Szczerbic,Female,driver
Landscape After Battle,Poland,1970,Daniel Olbrychski,Male,poet
The Shadow Line,Poland,1976,Marek Kondrat,Male,seaman
Co mi zrobisz jak mnie zlapiesz,Poland,1978,Krzysztof Kowalewski,Male,director
Ktokolwiek wie...,Poland,1966,Edward Linde-Lubaszenko,Male,journalist
Walkover,Poland,1965,Jerzy Skolimowski,Male,boxer
The Song of Triumphant Love,Poland,1969,Beata Tyszkiewicz,Female,noble
Sledztwo,Poland,1974,Tadeusz Borowski,Male,inspector
Kardiogram,Poland,1971,Tadeusz Borowski,Male,doctor
Dagny,Poland,1977,Lise Fjeldstad,Female,painter
Dotkniecie nocy,Poland,1962,Jerzy Kozakiewicz,Male,photographer
Boleslaw Smialy,Poland,1972,Ignacy Gogolewski,Male,king
Hipoteza,Poland,1973,Jerzy Zelnik,Male,professor
Cala naprzód,Poland,1967,Zbigniew Cybulski,Male,sailor
Behind the Wall,Poland,1971,Maja Komorowska,Female,writer
Zaliczenie,Poland,1968,Aleksander Bardini,Male,profesor
Ostatni kurs,Poland,1963,Barbara Rylska,Female,singer
Ciemnogród,Poland,1964,Wojciech Duryasz,Male,soldier
Szklana góra,Poland,1960,Maria Wachowiak,Female,doctor
Zbieg,Poland,1960,Emil Karewicz,Male,officer
Stacja bezsennosc,Poland,1974,Hanna Stankówna,Female,doctor
It Started Yesterday,Poland,1961,Tadeusz Bartosik,Male,officer
Three Colors: White,Poland,1994,Zbigniew Zamachowski,Male,conveyor
Three Colors: Blue,Poland,1993,Juliette Binoche,Female,composer
The Double Life of Véronique,Poland,1991,Irène Jacob,Female,director
Pociag do Hollywood,Poland,1987,Katarzyna Figura,Female,acting
Man of Iron,Poland,1981,Jerzy Radziwilowicz,Male,journalist
Kiler,Poland,1997,Cezary Pazura,Male,driver
300 Miles to Heaven,Poland,1989,Wojciech Klata,Male,career
Nothing Funny,Poland,1995,Cezary Pazura,Male,director
The Constant Factor,Poland,1980,Tadeusz Bradecki,Male,window cleaner
Escape from the 'Liberty' Cinema,Poland,1990,Janusz Gajos,Male,censor
Kroll,Poland,1991,Olaf Lubaszenko,Male,soldier
Mr. Blob in the Universe,Poland,1988,Piotr Fronczewski,Male,professor
Angel in the Wardrobe,Poland,1987,Jerzy Trela,Male,soundman
Sequence of Feelings,Poland,1993,Daniel Olbrychski,Male,actor
Wojaczek,Poland,1999,Krzysztof Siwczyk,Male,poet
Travels of Mr. Kleks,Poland,1986,Piotr Fronczewski,Male,professor
The Haven,Poland,1998,Maja Ostaszewska,Female,teacher
Ojciec królowej,Poland,1980,Anna Seniuk,Female,queen
A Gentle Spirit,Poland,1985,Józef Duriasz,Male,narrator
Kamienne tablice,Poland,1984,Krzysztof Chamiec,Male,poet
Zaproszenie,Poland,1986,Antonina Gordon-Górecka,Female,doctor
Inland Empire,Poland,2006,Karolina Gruszka,Female,prostitute
Poranek kojota,Poland,2001,Maciej Stuhr,Male,waiter
The Dark House,Poland,2009,Arkadiusz Jakubik,Male,zootechnician
It's a Free World...,Poland,2007,Kierston Wareing,Female,dead-end job
Chopin: Desire for Love,Poland,2002,Piotr Adamczyk,Male,composer
Tatarak,Poland,2009,Krystyna Janda,Female,actress
33 Scenes from Life,Poland,2008,Julia Jentsch,Female,composer
Testosteron,Poland,2007,Piotr Adamczyk,Male,ornithologist
Skazany na bluesa,Poland,2005,Tomasz Kot,Male,career
Big Animal,Poland,2000,Jerzy Stuhr,Male,employee
King Ubu,Poland,2003,Jan Peszek,Male,king
The Devil from Seventh Grade,Poland,2006,Wojciech Malajkat,Male,professor
Nagle na zawsze,Poland,2008,Marcin Brzozowski,Male,actor
Barbórka,Poland,2005,Iwona Sitkowska,Female,worker
Jest sprawa...,Poland,2003,Joanna Kurowska,Female,teacher
Elles,Poland,2011,Juliette Binoche,Female,designer
To Kill a Beaver,Poland,2012,Eryk Lubos,Male,soldier
Zaklina,Poland,2012,Monika Fronczek,Female,teacher
Mystification,Poland,2010,Jerzy Stuhr,Male,artist
Swiatlo,Poland,2011,Jerzy Trela,Male,narrator
Ida,Poland,2013,Agata Kulesza,Female,prosecutor
Floating Skyscrapers,Poland,2013,Mateusz Banasiuk,Male,swimmer
Bogowie,Poland,2014,Tomasz Kot,Male,career
Worst Case Scenario,Poland,2014,Eva Löbau,Female,designer
Performer,Poland,2015,Oskar Dawicki,Male,performer
The Innocents,Poland,2016,Lou de Laâge,Female,doctor
Cold War,Poland,2018,Joanna Kulig,Female,composer
Spoor,Poland,2017,Agnieszka Mandat,Female,entomologist
Lullaby Killer,Poland,2017,Tomasz Schuchardt,Male,investigator
For You,Poland,2018,Oliwia Nazimek,Male,career
Teatroteka: Tajny klient,Poland,2016,Tomasz Borkowski,Male,customer
Corpus Christi,Poland,2019,Bartosz Bielenia,Male,vicar
All Our Fears,Poland,2021,Dawid Ogrodnik,Male,activist
Mój dlug,Poland,2022,Bartosz Sak,Male,entrepreneur
"Dark, Almost Night",Poland,2019,Magdalena Cielecka,Female,reporter
Kazdy ma swoje lato,Poland,2020,Nicolas Przygoda,Male,organist
Lokatorka,Poland,2021,Irena Melcer,Female,commissioner
Skansen,Poland,2020,Eliza Rycembel,Female,influencer
Anna Karenina,Russia,1997,Sophie Marceau,Female,senior
The Barber of Siberia,Russia,1998,Julia Ormond,Female,cadet
Mute Witness,Russia,1995,Marina Zudina,Female,artist
The Thief,Russia,1997,Vladimir Mashkov,Male,officer
The Green Elephant,Russia,1999,Sergey Pakhomov,Male,officer
Luna Park,Russia,1992,Oleg Borisov,Male,composer
Zivot a neobycejna dobrodruzstvi vojaka Ivana Conkina,Russia,1994,Gennadiy Nazarov,Male,soldier
Revizor,Russia,1996,Nikita Mikhalkov,Male,mayor
Heads and Tails,Russia,1995,Kirill Pirogov,Male,engineer
Krutye menty,Russia,1998,Vasiliy Mishchenko,Male,investigator
Tri sestry,Russia,1994,Olga Belyayeva,Female,teacher
The Jester Balakirev,Russia,1993,Aleksey Borzunov,Male,jester
Strannye muzhchiny Semyonovoy Ekateriny,Russia,1993,Natalya Fisson,Female,actress
Interceptor,Russia,2009,Igor Petrenko,Male,master
The Island,Russia,2006,Pyotr Mamonov,Male,sailor
Cargo 200,Russia,2007,Agniya Kuznetsova,Female,official
War,Russia,2002,Aleksey Chadov,Male,journalist
Russian Nymphet: Temptation,Russia,2004,Valeria Nemchenko,Female,model
Sisters,Russia,2001,Oksana Akinshina,Female,sniper
Morphine,Russia,2008,Leonid Bichevin,Male,doctor
Turetskiy gambit,Russia,2005,Egor Beroev,Male,author
Taurus,Russia,2001,Leonid Mozgovoy,Male,leader
House of Fools,Russia,2002,Yuliya Vysotskaya,Female,keeper
A Driver for Vera,Russia,2004,Igor Petrenko,Male,chauffeur
Little Lord Fauntleroy,Russia,2003,Stanislav Govorukhin,Male,lawyer
Junk,Russia,2006,Elena Babenko,Female,journalist
2-Assa-2,Russia,2008,Tatyana Drubich,Female,leader
Popsa,Russia,2005,Tatyana Vasileva,Female,music producer
"Buben, baraban",Russia,2009,Natalya Negoda,Female,sailor
Solnechnyy udar,Russia,2003,Klara Luchko,Female,miller
Agitbrigada 'Bey vraga!',Russia,2007,Viktor Sukhorukov,Male,leader
Elena,Russia,2011,Nadezhda Markina,Female,career
8 First Dates,Russia,2012,Oksana Akinshina,Female,veterinarian
Short Stories,Russia,2012,Andrey Merzlikin,Male,planner
The Edge,Russia,2010,Vladimir Mashkov,Male,mechanic
Space Dogs,Russia,2010,Anna Bolshova,Female,scientist
Vysotsky. Thank You for Being Alive,Russia,2011,Sergey Bezrukov,Male,poet
Devil's Pass,Russia,2013,Holly Goss,Male,king
Stalingrad,Russia,2013,Mariya Smolnikova,Female,singer
A Warrior's Tail,Russia,2015,Maksim Chukharyov,Male,magician
Star,Russia,2014,Tinatin Dalakishvili,Female,deputy
"Paws, Bones & Rock'n'roll",Russia,2015,Anna Chipovskaya,Female,resident
All at Once,Russia,2014,Nikita Ost,Male,local authority
The Last Warrior,Russia,2017,Viktor Khorinyak,Male,artist
Ayka,Russia,2018,Samal Yeslyamova,Female,labor
Mortal Affair,Russia,2016,Anna Chipovskaya,Female,photographer
A Rough Draft,Russia,2018,Nikita Volkov,Male,designer
The Duelist,Russia,2016,Pyotr Fyodorov,Male,officer
Anna Karenina: Vronsky's Story,Russia,2017,Elizaveta Boyarskaya,Female,officer
Sputnik,Russia,2020,Oksana Akinshina,Female,psychiatrist
Coma,Russia,2019,Rinal Mukhametov,Male,architect
Petrov's Flu,Russia,2021,Semyon Serzin,Male,mechanic
Baba Yaga: Terror of the Dark Forest,Russia,2020,Oleg Chugunov,Male,nanny
Another Woman,Russia,2019,Anna Mikhalkova,Female,doctor
Rolls,Russia,2022,Kristina Asmus,Female,baker
Korporatsiya Ad Libitum,Russia,2021,Kristina Babushkina,Female,editor
"Môre, Môre",South Africa,1973,Hans Strydom,Male,teacher
Jannie totsiens,South Africa,1970,Cobus Rossouw,Male,professor
Hoor My Lied,South Africa,1967,Gé Korsten,Male,doctor
Mirage Eskader,South Africa,1975,Barry Trengove,Male,commandant
Staal Burger,South Africa,1969,Daan Retief,Male,agent
Lokval in Venesië,South Africa,1972,Gé Korsten,Male,ambassador
Dingetjie & Idi,South Africa,1977,Dawie Malan,Male,doctor
Die Eensame Vlug,South Africa,1978,Hans Strydom,Male,doctor
South West Africa: The Timeless Land,South Africa,1961,Gideon Roos,Male,narrator
Vision of Gold,South Africa,1968,Joe Stewardson,Male,narrator
Soweto Green: This Is a 'Tree' Story,South Africa,1995,John Kani,Male,doctor
Danie Theron,South Africa,1983,Hans Strydom,Male,leader
Hedda Gabler,South Africa,1983,Sandra Prinsloo,Female,academic
Silwerdoekstories,South Africa,1994,Hans Strydom,Male,narrator
Red Dust,South Africa,2004,Jamie Bartlett,Male,officer
Finale,South Africa,2007,Lieb Bester,Male,professor
'N Eeu Vlieg Verby,South Africa,2003,Sandra Prinsloo,Female,narrator
Wolwedans in die Skemer,South Africa,2012,Rolanda Marais,Female,receptionist
Die Wonderwerker,South Africa,2012,Dawid Minnaar,Male,researcher
The Pro,South Africa,2015,Edwin van der Walt,Male,surfer
Agent 2000: Die Laksman,South Africa,2014,Paul Loots,Male,agent
Babalas,South Africa,2013,Ian Roberts,Male,executive
The Wound,South Africa,2017,Nakhane Touré,Male,factory worker
Tess,South Africa,2016,Christia Visser,Female,worker
Dominee Tienie,South Africa,2018,Frank Opperman,Male,career
Sy klink soos lente,South Africa,2016,Stiaan Smith,Male,mechanic
Vlugtig,South Africa,2021,Arno Greeff,Male,actor
Verstikking,South Africa,2022,Irshaad Ally,Male,employee
Draadloos,South Africa,2019,Sandi Schultz,Female,pastor
Three Giant Men,Turkey,1973,Aytekin Akkaya,Male,wrestler
Tarkan and the Blood of the Vikings,Turkey,1971,Kartal Tibet,Male,leader
Tarkan,Turkey,1969,Kartal Tibet,Male,warrior
Çirilçiplak,Turkey,1977,Arzu Okay,Female,singer
Yusuf ile Kenan,Turkey,1979,Cem Davran,Male,shepherd
"Nebahat, the Driver",Turkey,1960,Sezer Sezin,Female,driver
Sütü bozuk,Turkey,1976,Arzu Okay,Female,singer
Vurun kahpeye,Turkey,1973,Hale Soygazi,Female,teacher
Yatik Emine,Turkey,1975,Serdar Gökhan,Male,server
Stranger in the City,Turkey,1963,Göksel Arsoy,Male,engineer
Harem Suare,Turkey,1999,Marie Gillain,Female,guard
Arzu,Turkey,1985,Banu Alkan,Female,model
Cholera Street,Turkey,1997,Okan Bayülgen,Male,mechanic
Günesin tutuldugu gün,Turkey,1983,Müjde Ar,Female,cashier
Aaahh Belinda,Turkey,1986,Müjde Ar,Female,actress
Don't Let Them Shoot the Kite,Turkey,1989,Ozan Bilen,Male,tender
Iffet,Turkey,1982,Müjde Ar,Female,driver
The Secret Face,Turkey,1991,Zuhal Olcay,Female,photographer
A Season in Hakkari,Turkey,1983,Genco Erkal,Male,teacher
Kurulus,Turkey,1986,Cihan Ünal,Male,founder
Alamancinin karisi,Turkey,1987,Korhan Abay,Male,worker
Kuyucakli Yusuf,Turkey,1985,Ahmet Mekin,Male,governor
"Rosa, I Love You",Turkey,1992,Ayla Algan,Female,teller
Hunting Time,Turkey,1988,Aytaç Arman,Male,writer
Itirazim var,Turkey,1982,Müslüm Gürses,Male,singer
Distant,Turkey,2002,Muzaffer Özdemir,Male,worker
Climates,Turkey,2006,Ebru Ceylan,Female,instructor
Bliss,Turkey,2007,Talat Bulut,Male,professor
Takva: A Man's Fear of God,Turkey,2006,Erkan Can,Male,prayer
Fate,Turkey,2001,Serdar Orçin,Male,bookkeeper
Pains of Autumn,Turkey,2009,Murat Yildirim,Male,activist
Alone,Turkey,2008,Melis Birkan,Female,restaurant
Lovelorn,Turkey,2005,Meltem Cumbul,Female,driver
The Market: A Tale of Trade,Turkey,2008,Tayanç Ayaydin,Male,trader
The Class of Chaos Goes Abroad,Turkey,2004,Halit Akçatepe,Male,consultant
Angel's Fall,Turkey,2004,Tülin Özen,Female,housekeeper
House of Angels,Turkey,2000,Talat Bulut,Male,war correspondent
Yunus Emre,Turkey,2005,Mehmet Atay,Male,narrator
Once Upon a Time in Anatolia,Turkey,2011,Muhammet Uzuner,Male,doctor
Gise Memuru,Turkey,2010,Serkan Ercan,Male,clerk
Musallat 2: Lanet,Turkey,2011,Türkü Turan,Female,teacher
Last Stop: Kurtulus,Turkey,2012,Belçim Bilgin,Female,psychologist
Oglum bak git,Turkey,2012,Yavuz Seçkin,Male,driver
The Miracle,Turkey,2015,Talat Bulut,Male,school teacher
A Small September Affair,Turkey,2014,Engin Akyürek,Male,newspaper
Karaoglan,Turkey,2013,Volkan Keskin,Male,scout
Jîn,Turkey,2013,Deniz Hasgüler,Female,driver
Motherland,Turkey,2015,Esra Bezen Bilgin,Female,writer
Neden Tarkovski Olamiyorum...,Turkey,2014,Tansu Biçer,Female,director
Muslum,Turkey,2018,Timuçin Esen,Male,artist
Ikinci Sans,Turkey,2016,Özcan Deniz,Male,restaurant
Rüzgar,Turkey,2018,Belçim Bilgin,Female,assistant
Doru,Turkey,2017,Dilek Gürel,Male,leader
Bergen,Turkey,2022,Farah Zeynep Abdullah,Female,singer
Love Me Instead,Turkey,2021,Sarp Akkaya,Male,guard
James Potter and the Heir of the Sword,Turkey,2020,Denizhan Akbaba,Male,potter
La Belle Indifference,Turkey,2019,Alican Yücesoy,Male,manager
Feride,Turkey,2020,Zeynep Çamci,Female,designer
Aries,Turkey,2019,Leyla Feray,Female,singer
Death on the Nile,United Kingdom,1978,Peter Ustinov,Male,heiress
A Clockwork Orange,United Kingdom,1971,Malcolm McDowell,Male,leader
The Rocky Horror Picture Show,United Kingdom,1975,Tim Curry,Male,doctor
Dr. Strangelove or: How I Learned to Stop Worrying and Love the Bomb,United Kingdom,1964,Peter Sellers,Male,doctor
Lawrence of Arabia,United Kingdom,1962,Peter O'Toole,Male,officer
Cleopatra,United Kingdom,1963,Elizabeth Taylor,Female,queen
Live and Let Die,United Kingdom,1973,Roger Moore,Male,reader
From Russia with Love,United Kingdom,1963,Sean Connery,Male,agent
Life of Brian,United Kingdom,1979,Graham Chapman,Male,king
The Spy Who Loved Me,United Kingdom,1977,Roger Moore,Male,agent
Casino Royale,United Kingdom,1967,Peter Sellers,Male,agent
The Devils,United Kingdom,1971,Vanessa Redgrave,Female,canon
Zardoz,United Kingdom,1974,Sean Connery,Male,assistant
The Lion in Winter,United Kingdom,1968,Peter O'Toole,Male,king
The Innocents,United Kingdom,1961,Deborah Kerr,Female,governess
Fahrenheit 451,United Kingdom,1966,Julie Christie,Female,collector
Aces High,United Kingdom,1976,Malcolm McDowell,Male,senior
Jubilee,United Kingdom,1978,Jenny Runacre,Female,queen
The Spy Who Came in from the Cold,United Kingdom,1965,Richard Burton,Male,agent
Age of Consent,United Kingdom,1969,James Mason,Male,artist
The Vampire Lovers,United Kingdom,1970,Ingrid Pitt,Female,governess
Sleuth,United Kingdom,1972,Laurence Olivier,Male,manor
The Prime of Miss Jean Brodie,United Kingdom,1969,Maggie Smith,Female,teacher
After the Fox,United Kingdom,1966,Peter Sellers,Male,master
Virgin Witch,United Kingdom,1972,Ann Michelle,Female,agent
Performance,United Kingdom,1970,James Fox,Male,musician
Far from the Madding Crowd,United Kingdom,1967,Julie Christie,Female,farmer
Murder Ahoy,United Kingdom,1964,Margaret Rutherford,Female,merchant
The Angry Silence,United Kingdom,1960,Richard Attenborough,Male,worker
The Legend of Hell House,United Kingdom,1973,Pamela Franklin,Female,tanner
The Cassandra Crossing,United Kingdom,1976,Sophia Loren,Female,chamberlain
Marquis de Sade's Justine,United Kingdom,1977,Koo Stark,Female,brothel owner
She,United Kingdom,1965,Ursula Andress,Female,queen
The Tamarind Seed,United Kingdom,1974,Julie Andrews,Female,assistant
Isadora,United Kingdom,1968,Vanessa Redgrave,Female,dancer
The Romantic Englishwoman,United Kingdom,1975,Glenda Jackson,Female,writer
Sunburn,United Kingdom,1979,Farrah Fawcett,Female,investigator
Kama Sutra: A Tale of Love,United Kingdom,1996,Indira Varma,Female,servant
Aliens,United Kingdom,1986,Sigourney Weaver,Female,officer
Trainspotting,United Kingdom,1996,Ewan McGregor,Male,dealer
Labyrinth,United Kingdom,1986,David Bowie,Male,king
Evil Under the Sun,United Kingdom,1982,Peter Ustinov,Male,detective
Notting Hill,United Kingdom,1999,Julia Roberts,Female,actress
A View to a Kill,United Kingdom,1985,Roger Moore,Male,industrialist
Thelma & Louise,United Kingdom,1991,Susan Sarandon,Female,salesman
The Lover,United Kingdom,1992,Jeanne Moreau,Female,narrator
Naked,United Kingdom,1993,David Thewlis,Male,brewer
Octopussy,United Kingdom,1983,Roger Moore,Male,seller
For Your Eyes Only,United Kingdom,1981,Roger Moore,Male,minister
The Elephant Man,United Kingdom,1980,Anthony Hopkins,Male,doctor
Earth Girls Are Easy,United Kingdom,1988,Geena Davis,Female,doctor
Tank Girl,United Kingdom,1995,Lori Petty,Female,mechanic
Out of Africa,United Kingdom,1985,Meryl Streep,Female,author
The Secret Garden,United Kingdom,1993,Kate Maberly,Female,manor
Sophie's Choice,United Kingdom,1982,Meryl Streep,Female,professor
A Fish Called Wanda,United Kingdom,1988,John Cleese,Male,career
The Witches,United Kingdom,1990,Anjelica Huston,Female,leader
The Full Monty,United Kingdom,1997,Robert Carlyle,Male,security guard
Damage,United Kingdom,1992,Jeremy Irons,Male,doctor
Maurice,United Kingdom,1987,James Wilby,Male,teacher
Sliding Doors,United Kingdom,1998,Gwyneth Paltrow,Female,public relations
Entrapment,United Kingdom,1999,Sean Connery,Male,career
Velvet Goldmine,United Kingdom,1998,Ewan McGregor,Male,career
Shallow Grave,United Kingdom,1994,Kerry Fox,Female,miller
First Knight,United Kingdom,1995,Sean Connery,Male,king
Rock-A-Doodle,United Kingdom,1991,Phil Harris,Male,narrator
Saturn 3,United Kingdom,1980,Farrah Fawcett,Female,monitor
Valmont,United Kingdom,1989,Colin Firth,Male,king
Immortal Beloved,United Kingdom,1994,Gary Oldman,Male,assistant
Sahara,United Kingdom,1983,Brooke Shields,Female,heiress
Shirley Valentine,United Kingdom,1989,Pauline Collins,Female,servant
"Rita, Sue and Bob Too",United Kingdom,1987,Michelle Holmes,Female,teacher
Bloodbath at the House of Death,United Kingdom,1984,Kenny Everett,Male,doctor
Mrs. Brown,United Kingdom,1997,Judi Dench,Female,queen
The French Lieutenant's Woman,United Kingdom,1981,Meryl Streep,Female,prostitute
Nuns on the Run,United Kingdom,1990,Eric Idle,Male,attendant
Cal,United Kingdom,1984,Helen Mirren,Female,librarian
The Dark Knight,United Kingdom,2008,Christian Bale,Male,vigilante
Casino Royale,United Kingdom,2006,Daniel Craig,Male,agent
Batman Begins,United Kingdom,2005,Christian Bale,Male,manor
Harry Potter and the Chamber of Secrets,United Kingdom,2002,Daniel Radcliffe,Male,potter
Harry Potter and the Prisoner of Azkaban,United Kingdom,2004,Daniel Radcliffe,Male,potter
Snatch,United Kingdom,2000,Ade,Male,driver
Harry Potter and the Order of the Phoenix,United Kingdom,2007,Daniel Radcliffe,Male,potter
Mamma Mia!,United Kingdom,2008,Amanda Seyfried,Female,bachelor
Thirteen,United Kingdom,2003,Nikki Reed,Female,grade
Harry Potter and the Half-Blood Prince,United Kingdom,2009,Daniel Radcliffe,Male,potter
The Princess Diaries,United Kingdom,2001,Julie Andrews,Female,queen
Hannibal,United Kingdom,2001,Anthony Hopkins,Male,doctor
Cashback,United Kingdom,2006,Michelle Ryan,Female,extra
Across the Universe,United Kingdom,2007,Evan Rachel Wood,Female,activist
Birth,United Kingdom,2004,Nicole Kidman,Female,doctor
Triangle,United Kingdom,2009,Melissa George,Female,shooter
Bend It Like Beckham,United Kingdom,2002,Parminder Nagra,Female,newspaper
The League of Extraordinary Gentlemen,United Kingdom,2003,Sean Connery,Male,hunter
Domino,United Kingdom,2005,Keira Knightley,Female,bounty hunter
The Man Who Cried,United Kingdom,2000,Christina Ricci,Female,officer
The Dark Knight Rises,United Kingdom,2012,Christian Bale,Male,commissioner
Harry Potter and the Deathly Hallows: Part 1,United Kingdom,2010,Bill Nighy,Male,minister
Prometheus,United Kingdom,2012,Noomi Rapace,Female,doctor
We Need to Talk About Kevin,United Kingdom,2011,Tilda Swinton,Female,writer
Immortals,United Kingdom,2011,Henry Cavill,Male,king
Tamara Drewe,United Kingdom,2010,Gemma Arterton,Female,journalist
Interstellar,United Kingdom,2014,Ellen Burstyn,Female,engineer
The Witch,United Kingdom,2015,Anya Taylor-Joy,Female,responsible
The Imitation Game,United Kingdom,2014,Benedict Cumberbatch,Male,mathematician
Nymphomaniac: Vol. I,United Kingdom,2013,Charlotte Gainsbourg,Female,bachelor
Mr. Holmes,United Kingdom,2015,Ian McKellen,Male,housekeeper
Man of Steel,United Kingdom,2013,Henry Cavill,Male,advisor
Fantastic Beasts and Where to Find Them,United Kingdom,2016,Eddie Redmayne,Male,potter
Darkest Hour,United Kingdom,2017,Gary Oldman,Male,leader
Annihilation,United Kingdom,2018,Natalie Portman,Female,professor
Wind River,United Kingdom,2017,Kelsey Asbille,Female,agent
Hotel Mumbai,United Kingdom,2018,Amandeep Singh,Male,guard
American Honey,United Kingdom,2016,Sasha Lane,Female,leader
Crimes of the Future,United Kingdom,2022,Léa Seydoux,Female,artist
Operation Mincemeat,United Kingdom,2021,Colin Firth,Male,lawyer
Triangle of Sadness,United Kingdom,2022,Harris Dickinson,Male,fashion model
Last Night in Soho,United Kingdom,2021,Thomasin McKenzie,Female,turner
The Lion King,United Kingdom,2019,Chiwetel Ejiofor,Male,king
Greenland,United Kingdom,2020,Gerard Butler,Male,engineer
Judy,United Kingdom,2019,Renée Zellweger,Female,performer
I Care a Lot,United Kingdom,2020,Rosamund Pike,Female,artist
Star Wars,United States,1977,Mark Hamill,Male,knight
The Sound of Music,United States,1965,Julie Andrews,Female,officer
Jaws,United States,1975,Roy Scheider,Male,hooper
Grease,United States,1978,John Travolta,Male,leader
Hombre,United States,1967,Paul Newman,Male,driver
2001: A Space Odyssey,United States,1968,Keir Dullea,Male,doctor
Psycho,United States,1960,Anthony Perkins,Male,proprietor
Willy Wonka & the Chocolate Factory,United States,1971,Gene Wilder,Male,tinker
Carrie,United States,1976,Sissy Spacek,Female,senior
Young Frankenstein,United States,1974,Gene Wilder,Male,doctor
Once Upon a Time in the West,United States,1968,Claudia Cardinale,Female,prostitute
The Warriors,United States,1979,Michael Beck,Male,leader
Deliverance,United States,1972,Jon Voight,Male,mountain man
Mary Poppins,United States,1964,Julie Andrews,Female,banker
Love Story,United States,1970,Ali MacGraw,Female,teacher
The Texas Chain Saw Massacre,United States,1974,Marilyn Burns,Female,driver
Soylent Green,United States,1973,Charlton Heston,Male,detective
El Dorado,United States,1966,John Wayne,Male,sheriff
Cleopatra,United States,1963,Elizabeth Taylor,Female,queen
The Outlaw Josey Wales,United States,1976,Clint Eastwood,Male,farmer
Promises in the Dark,United States,1979,Marsha Mason,Female,doctor
The Great Race,United States,1965,Jack Lemmon,Male,professor
"Hello, Dolly!",United States,1969,Barbra Streisand,Female,matchmaker
Blue Hawaii,United States,1961,Elvis Presley,Male,tour guide
Mahogany,United States,1975,Diana Ross,Female,designer
Guns of Diablo,United States,1964,Charles Bronson,Male,scout
Coma,United States,1978,Geneviève Bujold,Female,doctor
Colossus: The Forbin Project,United States,1970,Eric Braeden,Male,doctor
Girls! Girls! Girls!,United States,1962,Elvis Presley,Male,carpenter
Let's Make Love,United States,1960,Marilyn Monroe,Female,actor
X: The Man with the X-Ray Eyes,United States,1963,Ray Milland,Male,doctor
Marlowe,United States,1969,James Garner,Male,detective
This Property Is Condemned,United States,1966,Natalie Wood,Female,official
Back to the Future,United States,1985,Michael J. Fox,Male,scientist
Saving Private Ryan,United States,1998,Tom Hanks,Male,miller
Se7en,United States,1995,Morgan Freeman,Male,detective
Schindler's List,United States,1993,Liam Neeson,Male,industrialist
Indiana Jones and the Raiders of the Lost Ark,United States,1981,Harrison Ford,Male,archaeologist
Star Wars: Episode V - The Empire Strikes Back,United States,1980,Mark Hamill,Male,hunter
Aliens,United States,1986,Sigourney Weaver,Female,officer
Twister,United States,1996,Helen Hunt,Female,doctor
"Girl, Interrupted",United States,1999,Winona Ryder,Female,writer
Clueless,United States,1995,Alicia Silverstone,Female,matchmaker
Dead Poets Society,United States,1989,Robin Williams,Male,teacher
Police Academy,United States,1984,Steve Guttenberg,Male,cadet
Toy Story 2,United States,1999,Tom Hanks,Male,collector
Fargo,United States,1996,William H. Macy,Male,salesman
Sixteen Candles,United States,1984,Molly Ringwald,Female,baker
The Mask,United States,1994,Jim Carrey,Male,clerk
Batman & Robin,United States,1997,Arnold Schwarzenegger,Male,doctor
Batman Returns,United States,1992,Michael Keaton,Male,employee
Hard to Kill,United States,1990,Steven Seagal,Male,detective
The Untouchables,United States,1987,Kevin Costner,Male,agent
Adventures in Babysitting,United States,1987,Elisabeth Shue,Female,sitter
The Doors,United States,1991,Val Kilmer,Male,composer
Gia,United States,1998,Angelina Jolie,Female,fashion model
The Land Before Time,United States,1988,Pat Hingle,Male,narrator
Twin Peaks: Fire Walk with Me,United States,1992,Sheryl Lee,Female,resident
Sleepaway Camp,United States,1983,Felissa Rose,Female,baker
My Best Friend's Wedding,United States,1997,Julia Roberts,Female,potter
Tarzan the Ape Man,United States,1981,Bo Derek,Female,porter
Sister Act 2: Back in the Habit,United States,1993,Whoopi Goldberg,Female,showgirl
American Psycho,United States,2000,Christian Bale,Male,executive
Casino Royale,United States,2006,Daniel Craig,Male,agent
The Devil Wears Prada,United States,2006,Meryl Streep,Female,assistant
Iron Man,United States,2008,Robert Downey Jr.,Male,engineer
The Fast and the Furious,United States,2001,Paul Walker,Male,officer
Knowing,United States,2009,Nicolas Cage,Male,professor
Untraceable,United States,2008,Diane Lane,Female,agent
Spider-Man 2,United States,2004,Tobey Maguire,Male,doctor
Coyote Ugly,United States,2000,Piper Perabo,Female,songwriter
The Princess Diaries,United States,2001,Julie Andrews,Female,queen
Waiting...,United States,2005,Ryan Reynolds,Male,restaurant
Live Free or Die Hard,United States,2007,Bruce Willis,Male,master
Monster,United States,2003,Charlize Theron,Female,prostitute
Gangs of New York,United States,2002,Leonardo DiCaprio,Male,butcher
The Room,United States,2003,Tommy Wiseau,Male,executive
Just Like Heaven,United States,2005,Reese Witherspoon,Female,doctor
Frida,United States,2002,Salma Hayek,Female,artist
The Young Victoria,United States,2009,Emily Blunt,Female,queen
Jersey Girl,United States,2004,Betty Aberlin,Female,teacher
"Crazy, Stupid, Love.",United States,2011,Steve Carell,Male,weaver
Black Swan,United States,2010,Natalie Portman,Female,queen
Prometheus,United States,2012,Noomi Rapace,Female,doctor
The Fighter,United States,2010,Mark Wahlberg,Male,boxer
Silver Linings Playbook,United States,2012,Bradley Cooper,Male,teacher
One Day,United States,2011,Anne Hathaway,Female,writer
The Danish Girl,United States,2015,Alicia Vikander,Female,pioneer
Frozen,United States,2013,Kristen Bell,Female,mountain man
Iron Man 3,United States,2013,Robert Downey Jr.,Male,mandarin
American Sniper,United States,2014,Bradley Cooper,Male,sniper
Magic Mike XXL,United States,2015,Channing Tatum,Male,stripper
Lucy,United States,2014,Scarlett Johansson,Female,miller
Baywatch,United States,2017,Dwayne Johnson,Male,lifeguard
Deadpool 2,United States,2018,Ryan Reynolds,Male,mercenary
Arrival,United States,2016,Amy Adams,Female,doctor
Wonder Woman,United States,2017,Gal Gadot,Female,warrior
Ghostbusters,United States,2016,Zach Woods,Male,tour guide
Red Sparrow,United States,2018,Jennifer Lawrence,Female,ballerina
Lightyear,United States,2022,Chris Evans,Male,ranger
The Lost City,United States,2022,Sandra Bullock,Female,sage
Don't Look Up,United States,2021,Leonardo DiCaprio,Male,doctor
The Irishman,United States,2019,Robert De Niro,Male,hitman
Respect,United States,2021,Jennifer Hudson,Female,career
Soul,United States,2020,Jamie Foxx,Male,gardner
Long Shot,United States,2019,Charlize Theron,Female,journalist
Trolls 2: World Tour,United States,2020,Anna Kendrick,Female,queen
